-1.866718794805610759e-01,1.944413990172683793e+00
-3.292020212638263055e-01,2.013629882512796954e+00
-8.979233566485987916e-01,1.947512224342421661e+00
-1.410914403260910444e+00,1.843314006804561700e+00
-1.248738359346813098e+00,1.963103334920537568e+00
-1.338025640255988469e+00,1.417232354459152521e+00
-1.274563738959357151e+00,1.595752570882656096e+00
-1.331251891116092878e+00,1.186009271228720463e+00
-1.225287427562350873e+00,1.246176402832399610e+00
-1.970867557562344441e+00,1.151386634368758655e+00
-1.710654075325266810e+00,1.021921169120173722e+00
-1.339212538272794184e+00,1.000286373501904968e+00
-1.308634662326833897e+00,4.620537662567268389e-01
-1.299194683553818397e+00,7.344274484105789425e-01
-1.245311691651346031e+00,3.877909296142426077e-01
-1.082799012473949052e+00,3.458547168133190852e-01
-1.213750732887298955e+00,4.748893641429701162e-01
-8.826995537839444905e-01,2.268488391762833178e-01
-1.232167298687649293e+00,3.105312515624198411e-01
-9.196947512098091471e-01,6.620584028527176645e-02
-1.380960961104398699e+00,-1.339921860160933897e-01
-1.267984193067690946e+00,-2.744495814833888270e-01
-1.052812500649652039e+00,-2.992358378451897005e-01
-1.177495449912586034e+00,-1.375253001456697710e-01
-1.403377470790595272e+00,-3.152785300112455058e-01
-1.417384099275031284e+00,-4.504642606404635763e-01
-1.205040435391239173e+00,-4.135754517975811506e-01
-9.921667127874723713e-01,-5.986407697458338006e-01
-1.194924907692091587e+00,-8.348410440999711746e-01
-9.316391044427521084e-01,-6.398585317179571463e-01
-3.690648374111044072e-01,-7.616441181075439548e-01
-7.414507817509746745e-01,-1.164336704534649325e+00
-1.184366528005356356e+00,-9.679628579538080979e-01
-1.139540118480891095e+00,-6.407627311659125358e-01
-9.636797182072670553e-01,-7.001302475619672894e-01
-5.657513470286523738e-01,-1.003956518864977943e+00
-7.440821785420261847e-01,-1.057172073605989748e+00
-7.179191531388996461e-01,-9.802849924981411611e-01
-8.312935944994804816e-01,-1.004584913488492770e+00
-4.425303929771271516e-01,-9.892834823879812500e-01
-7.025129282621168647e-01,-1.130975484136751863e+00
-9.502464804864741987e-01,-1.383213019810330291e+00
-6.626415516122095006e-01,-1.471278015260397254e+00
-8.596518500224170634e-01,-9.585985703704609229e-01
-3.019765147072114297e-01,-1.563472643459525413e+00
-3.371549669103054425e-01,-1.285844025872616259e+00
-6.422030998938502711e-01,-1.277410997815324967e+00
-3.986464534111497926e-01,-1.585322241716272895e+00
-4.976282255686637623e-01,-1.459675668583674035e+00
-4.469876576664801315e-01,-9.668608290343383427e-01
-5.311899260259503874e-01,-1.203028190883351112e+00
-4.161450568538945793e-01,-1.437813562675098300e+00
-1.586970233051887558e-01,-9.340526849390899944e-01
-2.782640674187949470e-01,-1.255295314135125517e+00
-4.611543911805964235e-01,-1.386632030270640081e+00
3.383886179825501550e-02,-9.660509039613329740e-01
-2.450245080721978608e-01,-1.547903086240574932e+00
-6.989879728658120461e-01,-1.425686195132952916e+00
-2.212527904913008658e-02,-8.980330472565958289e-01
6.761783172985647017e-02,-1.035274335170648818e+00
7.340574804666499809e-01,-1.052683894154472277e+00
7.993374682129774644e-01,-1.260607515182468275e+00
9.325716439176578998e-01,-8.119272838057735031e-01
1.350673636453391557e+00,-7.489740473498402995e-01
1.469439101492781896e+00,-5.118783010802089306e-01
1.342320609558677935e+00,-5.834661972309703737e-01
1.872399939974772165e+00,-5.516325783061257759e-01
1.421315208640290484e+00,-3.896649518327159889e-01
1.547723313815861035e+00,4.751054482641067778e-02
1.339068657666524720e+00,-1.334926945330813242e-01
1.362421307473475229e+00,1.635574651526519041e-01
1.249677956690532277e+00,8.237722191600126143e-02
9.023846820696381776e-01,-2.347967929335120774e-02
1.333556199207931003e+00,5.232070959246841735e-01
1.394238123219606829e+00,2.102500037007558609e-01
1.034296063075538008e+00,5.470485286501622912e-01
9.628409580286845237e-01,8.032757092704261304e-01
1.285145032859735803e+00,3.425973661919593516e-01
1.058025087667932240e+00,5.892820578125899100e-01
1.075286083482173360e+00,5.024655469542870234e-01
1.033528222032768618e+00,7.262118794952980849e-01
1.044531256614276815e+00,1.147757228612036329e+00
1.185831785934247762e+00,7.791172553715786098e-01
1.075721709355292655e+00,8.540782610472312797e-01
1.060070073316777384e+00,1.254013122831186600e+00
1.147529821815354234e+00,1.581729082565244138e+00
1.148764714099904882e+00,9.844309918032334572e-01
1.211434285958445267e+00,1.422579642137241640e+00
1.243512786303248685e+00,1.024140429051907830e+00
9.694870774155278648e-01,1.502736040565247677e+00
6.353652346740498169e-01,1.206890082432791944e+00
6.589518933419541424e-01,1.147683011369879713e+00
7.123124789957494540e-01,1.608748002408148636e+00
8.364081785906559707e-01,1.207377983858280546e+00
6.422330651596867002e-01,1.426708190991442748e+00
8.099783058613680975e-01,1.682315324326965733e+00
8.708700543065183153e-01,1.138896806176016963e+00
5.980934350811718536e-01,1.647403106821416552e+00
5.448993921106387583e-01,1.784434414062235685e+00
3.835624348709542053e-01,1.551608684615623845e+00
3.486525834233594745e-01,1.329308222444527177e+00
6.331174868150113433e-01,1.393189791987834436e+00
4.288271922528302249e-01,1.491728400809867905e+00
2.066307627463831453e-01,1.185526622748155789e+00
-2.895718754016483043e-01,1.396408069211683811e+00
-8.010126954255736287e-01,1.561773363552177774e+00
-1.147340289467275953e+00,1.074002702402051979e+00
-1.402412300251172583e+00,5.852899005197744753e-01
-9.177650327858575263e-01,8.467527632132141324e-01
-1.380885447050249626e+00,7.225631977883609780e-01
-9.992913746260776442e-01,4.478411110113850180e-01
-1.131948306227465340e+00,4.394027787403543828e-01
-1.369395470047478636e+00,5.257889966775111112e-01
-1.033857325695054064e+00,2.026830078657048118e-01
-1.366517136828332868e+00,-3.052166726543159569e-02
-9.732758374594694395e-01,-9.315029595420423747e-03
-1.545084353892482998e+00,2.946231564655462654e-01
-1.430584537954424418e+00,7.973408898593689620e-02
-1.101358107104539519e+00,-1.031943912493897830e-01
-1.236424297115573445e+00,-1.682443313718701705e-01
-1.434679432328763049e+00,-2.004382535236008955e-01
-7.713575951323415891e-01,-2.141493003422208219e-01
-1.468357872997707148e+00,-6.570543882358230725e-01
-1.083744544660100617e+00,-4.285505528489916838e-01
-1.049287793137291036e+00,-6.868881559611551557e-01
-8.906945578298860466e-01,-4.144139599722070910e-01
-1.038025132283487473e+00,-5.572548149966913833e-01
-1.489190111983829556e+00,-9.432380466589302959e-01
-1.019433577629613064e+00,-9.031410040685906582e-01
-8.703969318893436391e-01,-6.494586221100243639e-01
-8.173535147532288159e-01,-1.020613226206496860e+00
-1.204908566918177382e+00,-8.259980481211333103e-01
-1.249573277103801505e+00,-8.453502352539518094e-01
-9.011016150382058498e-01,-1.247112088352740455e+00
-7.872971206239247621e-01,-1.046000445711570581e+00
-8.332355366037682565e-01,-1.093310420889318735e+00
-7.229720849376795044e-01,-9.202428655797901813e-01
-6.882643442982723236e-01,-9.290483070548567479e-01
-7.768239499328057907e-01,-8.318623833408085311e-01
-6.338195548216768449e-01,-1.286153238817788536e+00
-9.464293655391012861e-01,-1.155936543377506620e+00
-9.680375748764518118e-01,-1.409306994402967028e+00
-6.373634201908392471e-01,-1.351624402747158227e+00
-8.495204217544171099e-01,-1.250251228742135901e+00
-6.250558561209779151e-01,-1.295729753410602259e+00
-6.906751287624478541e-01,-1.092727405127792650e+00
-5.208123279520188165e-01,-1.315291275776064195e+00
-6.875123006883010479e-02,-1.236594655965495670e+00
-3.052186024735174530e-01,-1.390034451365359303e+00
-7.712128796621136040e-01,-1.436265777588987769e+00
-5.152709734356213378e-01,-1.374731679142471519e+00
-1.520898337937146017e-01,-1.294073511956262301e+00
-2.773715153874636297e-01,-1.270799712802684889e+00
-3.961361087775067125e-01,-1.241571814738666957e+00
1.091121504157037680e-01,-1.385828077132750025e+00
1.893066825493819327e-02,-1.414633840677496091e+00
-9.055462006124305463e-02,-1.178036864806270012e+00
2.594560727899845043e-01,-8.404098666554882247e-01
4.581720985969410798e-01,-1.248219538191399636e+00
9.517393060572021390e-01,-1.073187072789517638e+00
1.215979339812145232e+00,-9.202604455918633741e-01
9.998021589461064673e-01,-6.738944956998353941e-01
1.594830172041152405e+00,-4.615018840777997955e-01
1.859301544538205730e+00,-7.574448013950670910e-01
1.596666566518007535e+00,-3.118177521486766302e-01
1.394103747385479597e+00,-1.942860034690749305e-01
1.559017640188261167e+00,-4.025410913764439491e-01
1.488288110964054889e+00,-2.325610316059529281e-01
1.288183148170103376e+00,-2.990325901711943790e-01
1.303223355787157089e+00,1.152584369682840282e-01
1.487134215229553025e+00,2.515279975242744048e-01
1.047927383514325905e+00,5.146155776825018791e-01
1.311846477052602822e+00,5.263002864789801949e-01
1.507876360872631327e+00,7.953245375211428492e-01
1.685990212687607626e+00,5.744001998614436388e-01
1.334935470478320729e+00,4.472113276491915257e-01
1.463882754182950663e+00,4.960516276441345185e-01
8.692236589179189732e-01,9.654749890422203995e-01
1.104473929511063268e+00,1.017618423188224153e+00
1.268759574841648474e+00,5.952276776138657466e-01
6.212910418645922750e-01,7.575666723461530472e-01
1.146310313914085111e+00,7.848073502739432161e-01
9.898913994061067090e-01,7.863494024755364187e-01
1.131431030156562212e+00,1.142052436439165097e+00
9.776893835030978641e-01,1.445892468870070058e+00
1.349428456154312173e+00,1.319026575110507471e+00
6.651372011059486500e-01,1.021479824737972386e+00
1.080868050136553071e+00,1.150140345558291255e+00
8.753388349305771809e-01,1.486093813657904050e+00
1.046983388953046434e+00,1.596603528795581539e+00
8.294594424723182868e-01,1.633303743607751102e+00
7.730226167983305086e-01,1.679621872852389730e+00
8.710997671334843595e-01,1.225998547759303836e+00
4.865993714447145457e-01,1.352985220780152265e+00
7.203366788840851465e-01,1.596624843847149311e+00
7.025951028326005154e-01,1.346800182792426526e+00
8.854972438247841193e-01,1.392521969439243890e+00
4.891633813739043046e-01,1.552055654856844713e+00
4.244483412119195442e-01,1.563133356741408519e+00
2.960448613190195255e-01,1.374282144273817119e+00
2.994104955897126108e-01,1.322684838754807579e+00
5.726874353309597404e-02,1.526938170448594700e+00
-1.574042984234737264e-01,1.408772768543226972e+00
-7.517265139983329014e-01,1.407894362783264741e+00
-8.531393513489977654e-01,1.336732950187746072e+00
-1.344232623556242734e+00,9.815012144799540872e-01
-1.149855357026297487e+00,7.679271648494196967e-01
-1.336537732695066483e+00,1.149489160089531392e+00
-8.931242268674410845e-01,8.907990417889005696e-01
-1.080423087375573132e+00,3.221787510299791157e-01
-1.147848343661447501e+00,3.423422430840724617e-01
-1.443525645988697592e+00,2.053719052591273242e-01
-1.189921364924764413e+00,9.545934258181937304e-02
-1.304443044814771913e+00,2.657033376484166931e-01
-1.146742394351068395e+00,6.081150391434725355e-02
-1.134542391865785538e+00,-2.098808501495397494e-01
-1.412461210451716465e+00,-9.731382582200391596e-02
-1.221258382198729064e+00,-6.422332510811166184e-01
-1.179937646402660967e+00,-5.352663226614360337e-01
-9.433293455472756550e-01,-2.854673311895032928e-01
-9.653701988326126582e-01,-5.921172766575091284e-01
-9.001735464570168599e-01,-4.609612465488282518e-01
-1.110225960680041091e+00,-6.779209452092880284e-01
-8.315104518187601546e-01,-7.410265328457932288e-01
-9.311323603340624366e-01,-4.953623341148984949e-01
-5.918088385277061603e-01,-4.221243960479462709e-01
-7.753149492903941287e-01,-1.105821232766652562e+00
-1.075064546278497568e+00,-9.610842325735505787e-01
-5.883565057552884170e-01,-1.035335221596987543e+00
-8.234220233600241245e-01,-9.165650442714765589e-01
-1.069265292738347917e+00,-8.989832716973821247e-01
-7.840565007062606506e-01,-1.262532029635590414e+00
-6.004794998464632050e-01,-1.462199630121563843e+00
-9.443769591060535706e-01,-8.815834671547554402e-01
-1.045841648102556531e+00,-1.034626627599885218e+00
-1.047177121252353738e+00,-1.149667387194019508e+00
-1.231073683991988688e+00,-1.323692856972189524e+00
-1.056955353253522301e+00,-1.257427387254440587e+00
-8.110339905238883595e-01,-1.331524279544401113e+00
-5.474974048295359053e-01,-1.391738119543058927e+00
-5.586616670535390350e-01,-9.039566811104676747e-01
-6.354163913830502830e-01,-1.414689552389873928e+00
-8.898481985491937252e-01,-1.396353684898429259e+00
-4.746472848612436346e-01,-1.232406257805876537e+00
-4.023751258840321254e-01,-1.116443717137324043e+00
-5.339231192933552306e-01,-1.180603649615143969e+00
-1.610827582021127080e-01,-9.946854081511712353e-01
-5.597421132418276546e-01,-1.079997509453786142e+00
-3.451415626903428513e-01,-1.048195368559454499e+00
-2.857881262702637315e-01,-1.465010806049487524e+00
-6.944890751543989493e-01,-1.147146571245921454e+00
7.000569562994973793e-02,-1.404539722394325452e+00
-2.727158234370684053e-01,-1.439707723877995615e+00
9.922629789756087781e-02,-1.670895204641962506e+00
-4.539744250284223348e-01,-1.104329255530407616e+00
1.739664973493706690e-01,-1.233754157470984714e+00
4.027607348075604166e-01,-9.731982355916235505e-01
7.328738926409920085e-01,-1.221229653026760342e+00
9.779094707924501639e-01,-7.212118997082761496e-01
1.281147319233672199e+00,-1.054681951669118600e+00
1.497836568862511930e+00,-5.479397351036096042e-01
1.764945415480644542e+00,-4.769182966733548357e-01
1.361622064474252269e+00,-3.008778024053679889e-01
1.623644132713481625e+00,-2.834092435829030920e-01
1.450489269433715478e+00,-1.086154405051880656e-01
1.425404715540652179e+00,-6.969975855130178255e-04
1.214508550253853070e+00,-1.758467474474556258e-01
1.231011758918225008e+00,2.828169212524930254e-01
1.429261717687974720e+00,4.578733356117370423e-01
1.319386870175635940e+00,1.120082679057859132e-01
1.564815318146267398e+00,4.234941400363898545e-01
1.571721943063518312e+00,6.290829055884451515e-01
1.731811643722233951e+00,5.436499328027520894e-01
1.453200106056411922e+00,8.399775170705555682e-01
1.140884261923762022e+00,6.974164778885458826e-01
9.382756809612358140e-01,4.885832563313499133e-01
1.234479434564743627e+00,1.019702238342512945e+00
1.315105605075430839e+00,9.882945331576760140e-01
1.338190937854763396e+00,8.580649058860100320e-01
1.088871351923432540e+00,1.175838996321292962e+00
1.207439610432059274e+00,1.035325204958106982e+00
1.361993966015960345e+00,8.647645934615071361e-01
9.706207066351802970e-01,1.109128580621368876e+00
1.213591563547302909e+00,1.205829138597776184e+00
7.732049423379900865e-01,1.344647172090046583e+00
1.217378423341110238e+00,1.423190239424411807e+00
1.097033887907326699e+00,9.309637988713186374e-01
7.652997308761398942e-01,1.429763611449100358e+00
9.048205607748255330e-01,1.462394058541587105e+00
6.311127750629198507e-01,1.367098335765451367e+00
5.725544354232351418e-01,1.007089735264925512e+00
8.726358590832190565e-01,1.581575848496491021e+00
8.214215533087457777e-01,1.418328372170941654e+00
4.131319696084121418e-01,1.634404979486544507e+00
6.622517279717931027e-01,1.829365853441513590e+00
7.940617650531516247e-01,1.036155285488777444e+00
6.749356567433887344e-01,1.152209849898392369e+00
2.655458981749969638e-01,1.368991124519457259e+00
2.529842810148199561e-01,1.477459772508587177e+00
-1.405354622713520518e-01,1.134380257300915629e+00
-1.136973399086828040e-01,1.310943527481589488e+00
-5.832035186816344474e-01,8.000394888995571163e-01
-1.017591629033093303e+00,9.595439607630578127e-01
-1.380907083266353697e+00,1.202419710443579204e+00
-1.495093955359347859e+00,6.731808385779435300e-01
-1.357520561350328059e+00,8.564086316177909053e-01
-1.460489794207378234e+00,8.915895052971847257e-01
-9.784482480619640654e-01,3.516094291443347952e-01
-1.299676441873030219e+00,2.602199694415806563e-01
-1.569193460266236739e+00,3.694860192174348468e-01
-1.066642477144330581e+00,6.089375084172051755e-01
-1.374071647254016870e+00,3.761021091757293378e-01
-9.073984541614221744e-01,5.517885464773974319e-02
-1.036788427491367681e+00,1.013332921928588592e-01
-7.438298433051544478e-01,-6.251327383497683188e-02
-1.132180463815421367e+00,-4.120236942598087815e-01
-1.040660800162284128e+00,-1.107656757115687007e-01
-1.034437122367908746e+00,-5.446136927244142889e-01
-1.047232570028263865e+00,-4.838350758065335655e-01
-9.938344221072619167e-01,-8.562131570230884225e-01
-9.183951303734100291e-01,-4.671761277219773634e-01
-9.213788605473720583e-01,-6.461188409912063113e-01
-1.353348233066974160e+00,-7.051304063715121417e-01
-7.618317595020458466e-01,-9.260868475230308317e-01
-1.353631098086683249e+00,-1.111960984078113723e+00
-8.747479944160484466e-01,-7.761489051274353956e-01
-7.420269680057093309e-01,-9.058262052543468723e-01
-1.201021300980751993e+00,-1.099786162709298631e+00
-7.187738691424934157e-01,-9.466385873521359073e-01
-7.340536756653475159e-01,-9.238505876249994975e-01
-8.863534643275834402e-01,-1.079170742284857099e+00
-4.551144901805408427e-01,-9.925538096202379812e-01
-8.332206938899153759e-01,-1.013145342951481620e+00
-7.436414500199465261e-01,-1.562120846189051449e+00
-6.386251136736718070e-01,-7.906143423301290607e-01
-9.047564665125347183e-01,-8.859271206726162529e-01
-7.796988605681125506e-01,-1.137792138842250944e+00
-4.933546392127815539e-01,-1.358092320454096003e+00
-4.373981854755943921e-01,-1.472419656784738518e+00
-8.386319575815149863e-01,-1.361658307931808087e+00
-5.079681544095685508e-01,-1.322404699016171747e+00
-9.199804144792438354e-01,-1.306698863261200660e+00
-7.470143227560808175e-01,-1.124154423380729906e+00
-6.312012801820205965e-01,-1.261086180284096692e+00
-6.137380600372975836e-01,-1.191006622770544254e+00
-5.364782344204757081e-01,-1.212911891714752555e+00
-9.816307257291622124e-01,-1.256084999025730120e+00
-3.380711191507995150e-01,-1.310144504923945741e+00
-2.375577718646705860e-01,-1.114118060956531986e+00
-5.076381036172317174e-02,-1.228679244277682381e+00
-6.192516237130670786e-01,-1.689976339457280208e+00
-4.585704213103924953e-01,-1.217870618055038046e+00
-3.530145919280118505e-02,-1.124662100709961976e+00
6.166211345945757372e-02,-1.285917573944378445e+00
5.688035756392423314e-01,-9.505045475512771125e-01
7.582083465809268397e-01,-1.011024884160817816e+00
1.239346528017008175e+00,-7.998697208925757973e-01
1.154865120081000507e+00,-9.236115144248342457e-01
1.230518182963850293e+00,-7.524360949679069765e-01
1.661557478584432257e+00,-4.133206205186205073e-01
1.274141542605808697e+00,-2.952300221658546997e-01
1.495665959534324685e+00,-3.763358913572121822e-01
1.178437821183402123e+00,-1.974458205748945705e-01
1.575697173755798985e+00,-4.850963142300176445e-01
1.340003312410702918e+00,5.034206226336713774e-01
1.533099866809225498e+00,2.047420771772097692e-01
1.230404534049020171e+00,1.126358313575191450e-01
1.340407418100391768e+00,6.598586196194753395e-01
1.429363257888513594e+00,2.514360591601982886e-01
1.550730124098431695e+00,4.496636275537575500e-01
1.633900286584608841e+00,4.730393816914574279e-01
1.072746901287322752e+00,6.954506737819268203e-01
1.448721714978338460e+00,9.382846707789411766e-01
1.262811023964774515e+00,5.996668185175075827e-01
1.108449928582762256e+00,4.564473141235180775e-01
1.005232591058726976e+00,8.836586908876135071e-01
1.243748462493458051e+00,9.072301040012542561e-01
1.132347887243358553e+00,9.482687622828247509e-01
1.271392987404179387e+00,8.967648967531597348e-01
1.265724179096549218e+00,1.514617706627348737e+00
1.169302742163983888e+00,1.059717656920149853e+00
9.434294943863309468e-01,1.446697634884068995e+00
8.005970092329801613e-01,1.050513064642639272e+00
7.674063483860535939e-01,1.019103169065426640e+00
7.646850714960810036e-01,1.463332784925335694e+00
1.166201710517171586e+00,1.193506853229700848e+00
9.577613826368305272e-01,1.509336875123302057e+00
9.050259339117683322e-01,1.188081554689451425e+00
5.570072561628187646e-01,1.599634985166105583e+00
9.133515752436746071e-01,1.528226701855456060e+00
5.514824474090672668e-01,1.471757275115109120e+00
8.521543189924555284e-01,1.495886181828413930e+00
5.230240976172373379e-01,1.639870437251560675e+00
3.012554111627664954e-01,1.622973747766176977e+00
7.416421820731780024e-01,1.746125083323096128e+00
3.509531189554382369e-01,1.219522548639662585e+00
4.333782995378465119e-01,1.258537037761481070e+00
7.688693266136531479e-02,1.301696443575039774e+00
-4.085517458738076035e-01,1.378801806255389062e+00
-8.899145031601500833e-01,1.358657792423500377e+00
-1.170617666968477355e+00,7.931791981317457552e-01
-1.204588369495275035e+00,1.106397782615439196e+00
-1.159954311656228976e+00,1.057501286593756529e+00
-1.762046233980981924e+00,5.673459623171395183e-01
-1.262565020518221726e+00,9.505124553124806308e-01
-1.111945914850942518e+00,9.100380854916758633e-01
-1.355947102627414358e+00,4.726293180739918331e-01
-1.452416936563991401e+00,2.297254189284436143e-01
-1.360727673396809001e+00,8.140239919508474031e-02
-1.273586176089979816e+00,1.109598871753708638e-01
-1.171732188566923627e+00,1.257883800718796186e-01
-1.129527713806453892e+00,-1.407103844134132697e-01
-1.243468577905331385e+00,-2.181484323701982087e-01
-1.210262172381661783e+00,-1.393077813610818505e-01
-9.289206938855756324e-01,-5.956463951000284807e-02
-1.243199571284694605e+00,-2.935902556451104317e-01
-1.344282741759775135e+00,-3.822638866769438315e-01
-8.305460458010690550e-01,-5.527127213860900667e-01
-8.143234588152196141e-01,-8.129807215415997268e-01
-1.188376082278395307e+00,-6.715879201994399139e-01
-7.880162414825140349e-01,-7.838630035867992785e-01
-1.064982780510132176e+00,-9.515479699445422712e-01
-9.154987000121316276e-01,-5.537199894850225457e-01
-7.977153790113153953e-01,-7.106505136154661617e-01
-9.609796270510190253e-01,-1.006738300072542058e+00
-7.658067537341551878e-01,-9.418136991525870583e-01
-9.175652607613161704e-01,-7.944786326852232294e-01
-9.038809456621984539e-01,-1.177794209309475093e+00
-6.638299773125166947e-01,-1.027696479202816704e+00
-1.034250160746288616e+00,-1.297580324510166250e+00
-7.887338567264911005e-01,-6.362963003418946606e-01
-8.671042418189437440e-01,-1.197490735918223193e+00
-4.642106477682667598e-01,-1.165881510936758625e+00
-1.038723184714752890e+00,-1.490952594358230021e+00
-4.833292126559806112e-01,-1.062909897514997537e+00
-5.425479445138159384e-01,-1.225372603966884189e+00
-8.315971377376142337e-01,-1.272772614759952736e+00
-6.367663214263917792e-01,-1.410414639817856308e+00
-5.284676977509286111e-01,-1.505981634068296326e+00
-6.829466048801828837e-01,-1.304061170182179152e+00
-7.288094316856648103e-01,-1.711416884917012604e+00
-4.734487573741668620e-01,-1.426330230059148274e+00
-2.680127787054804589e-01,-1.346167994968598958e+00
-6.085981471546294541e-01,-1.259664795659981795e+00
-2.529049758581969343e-01,-1.388278145788062190e+00
-2.186468241094585985e-01,-9.823380932884802075e-01
-1.742530884970742155e-01,-9.367196699936461979e-01
-5.416204007706421075e-02,-9.468985681238397678e-01
8.298623341715233304e-02,-1.191579281854484362e+00
-2.259002125590479637e-01,-1.663163259423747320e+00
-2.709702852610057500e-01,-1.270140601547795622e+00
1.066622526290768591e-01,-1.169963895205384130e+00
2.524801118636886277e-01,-1.401932790527712580e+00
7.773985140686082707e-01,-1.042691304935597696e+00
9.920378332867796356e-01,-1.051022541785298525e+00
1.193158697751206310e+00,-8.610698270072215665e-01
1.304575203236291614e+00,-4.011959082448280367e-01
1.547220776386922125e+00,-7.191155691697772578e-01
1.437866036834640093e+00,-6.357457383014578634e-01
1.681218321389753800e+00,-2.636895706319586363e-03
1.710450449860763777e+00,-3.932601187526006403e-01
1.421787209145961128e+00,-1.345492192425465083e-01
1.531967261577096950e+00,-1.506962603806349665e-01
1.263732648013151882e+00,6.853179624126913561e-02
1.408838608041062423e+00,3.856026118323391816e-01
1.291659583561582059e+00,4.706271066853575102e-01
1.501001479199976396e+00,3.818437648473481660e-01
1.066582875749680248e+00,2.726321829473397629e-01
1.413119437588582938e+00,4.898695073607786110e-01
9.312188790528534987e-01,7.819342761649055173e-01
1.278513965608484293e+00,4.484840763232632588e-01
1.467205935784829718e+00,9.635560645013300229e-01
1.237619460038110519e+00,6.042417424705979201e-01
9.077468217093656033e-01,8.569958867056770568e-01
8.235253999721313667e-01,1.055252640461662228e+00
8.619447371886025389e-01,1.059658692825015791e+00
1.063933583463489541e+00,1.218168213490740559e+00
9.110044459865194177e-01,1.176463312472022071e+00
7.961649705724969106e-01,1.323572924210326462e+00
1.028089907041578543e+00,1.303277618731256915e+00
7.622211936680109989e-01,1.340517629581411851e+00
1.061963310574036923e+00,1.347021338026163972e+00
1.036620212287596710e+00,1.266183537921300895e+00
1.194472799464011192e+00,1.301315066856990388e+00
7.689565715030675097e-01,1.345382506638261422e+00
6.953406246317972439e-01,1.285942825562663483e+00
8.162143823187237857e-01,1.321361831567568812e+00
8.546296482223902924e-01,1.801764345785068278e+00
8.879138564414773560e-01,1.639055175495447658e+00
6.264300270506731882e-01,1.315570944976567791e+00
5.973582498051998035e-01,1.607959831430734621e+00
1.783367302374189722e-01,1.230635970653528810e+00
5.473969119134858285e-01,1.386980890900016083e+00
8.149937802269356935e-01,1.509208957171134902e+00
1.449529888925666088e-01,1.083288807389554353e+00
4.003448572701059915e-03,1.105210447172873200e+00
-1.291326509888223728e-01,1.347825020659109585e+00
-5.409350555619201195e-01,1.657485092280587269e+00
-1.153747678549136957e+00,1.102875105825271040e+00
-1.434817725705910485e+00,1.005987812679571825e+00
-9.560516339873457170e-01,1.009645636859579421e+00
-1.314209460802740370e+00,8.207258666865498986e-01
-1.526273301367004009e+00,5.699173760332667538e-01
-1.251920724259448559e+00,5.515269714231170184e-01
-1.557381386285703107e+00,4.850626643901395085e-01
-1.176889148762373605e+00,2.368988992356517720e-01
-1.213140596706922425e+00,-8.686151658317142754e-02
-1.491162090571154675e+00,1.389162706437740979e-01
-1.310024900091920852e+00,1.627720106616116144e-02
-9.899315680602133183e-01,-1.052661082125946057e-01
-1.701389526566297050e+00,-1.854988752140179220e-01
-1.216965416281219348e+00,-2.831519120183294547e-01
-9.223803591100010468e-01,-6.288534921967677827e-01
-1.035167525777518138e+00,-7.223863057705082191e-02
-1.190834443591355818e+00,-3.613267888259662497e-01
-8.541176766383803409e-01,-4.796989842708430096e-01
-1.166167878416808135e+00,-7.261768793986590476e-01
-8.621844685665398522e-01,-5.250549756804897550e-01
-1.150049322312648004e+00,-9.347822000453458458e-01
-1.230730893064269305e+00,-4.200523698144391638e-01
-9.699616217880688840e-01,-3.302221701387857422e-01
-8.270405297049078230e-01,-7.613319817799444333e-01
-8.586293360913189732e-01,-6.935477664135752951e-01
-1.094768856703635329e+00,-5.027743188032420818e-01
-9.032057896492705629e-01,-1.114195090603654403e+00
-8.041150673990754560e-01,-7.912011361116578767e-01
-1.047484927074747496e+00,-9.299370279602858780e-01
-9.704424295074196571e-01,-1.175763717483735427e+00
-9.060256862062853189e-01,-9.506182286427857786e-01
-1.010672077561749038e+00,-1.091298543015711164e+00
-8.379712219873717283e-01,-1.323489799837112679e+00
-9.920637311920837975e-01,-1.416629435291630434e+00
-1.055758141685235962e+00,-1.016641192851574393e+00
-7.564499816238053898e-01,-1.181819608034417213e+00
-4.509744182602877238e-01,-1.473126662875782422e+00
-8.526529888819827097e-01,-1.191606911001006353e+00
-1.005961711877027875e+00,-1.369636126501050821e+00
-8.017824006930097669e-01,-1.197221847745962187e+00
-6.762035628850374680e-01,-8.685880415098026219e-01
-3.759122192382362559e-01,-1.445766254636947856e+00
-6.111270509402226825e-01,-1.347264926780408878e+00
1.604235437851867507e-01,-1.580025978926890673e+00
-4.235234796832022530e-01,-1.692543723678096246e+00
-4.237204061519303511e-01,-8.885301811892691859e-01
-4.548873660420803544e-01,-1.041260586095598129e+00
-3.269949180841411618e-01,-1.334607016656759848e+00
-2.895917808084449430e-01,-1.350888912553631860e+00
-2.671108373864493624e-01,-1.477176682001354324e+00
2.923680664876521229e-01,-1.259670410724454515e+00
2.380838766276596463e-01,-1.315492890381864566e+00
6.708921173956010620e-01,-1.138570499147629311e+00
7.791426833045990152e-01,-1.372074520903254102e+00
1.227772313142221572e+00,-5.421395545430200968e-01
1.204866116148098687e+00,-8.754773142466304447e-01
1.247361004553725117e+00,-6.294549025312512480e-01
1.511749929141910531e+00,-3.857137877807247373e-01
1.604442257826700136e+00,-5.641983943845587657e-01
1.524060727345897703e+00,-3.470595458845259218e-01
1.242163446879961608e+00,-1.915346022362500178e-01
2.200704786553133729e+00,4.070393835286700845e-01
1.447866610460458503e+00,3.969776375120591672e-01
1.390172764195488853e+00,1.389458758864162979e-01
9.886058959493067011e-01,5.322958618653914065e-02
1.201045288694397195e+00,3.578848922939615873e-01
1.339723894923319891e+00,3.073162494133719891e-01
1.198293623305485944e+00,4.723262736978298681e-01
1.018834746441444006e+00,4.613399951562145995e-01
1.197831437025439705e+00,4.083719975923797985e-01
1.186902194970263391e+00,5.615968098820679488e-01
1.478747648027361361e+00,7.464098175172870775e-01
1.172313564172148048e+00,9.437121929085358074e-01
1.299962560721311666e+00,5.702198078678308857e-01
1.091312026468410190e+00,7.915448166641402272e-01
1.115440958260679238e+00,9.185790375821102360e-01
1.153345593796623270e+00,8.789421006437733164e-01
9.854197344725763585e-01,1.002760490928194193e+00
1.292039304458071580e+00,1.237389911938462816e+00
1.125258529777608096e+00,1.146220263871817524e+00
9.497938035218037589e-01,1.352327321607332600e+00
1.156635703545429772e+00,1.276786083583837161e+00
1.202867736309587654e+00,1.559230983713713492e+00
6.137406672251999318e-01,1.418142777304935098e+00
9.087653390002276010e-01,1.434406845960912058e+00
1.109169968578009202e+00,1.194305593003535781e+00
5.281841476573183591e-01,1.618233215351743359e+00
6.156867274491137909e-01,1.275143744911051868e+00
8.153586379908344117e-01,1.287206859703300621e+00
4.095452408335563677e-01,1.439705812428988763e+00
5.176591374567793835e-01,1.556916383641903101e+00
5.079195081187182215e-01,1.299621761438240819e+00
4.864219800825696494e-01,1.642368568379239058e+00
6.050149034170231310e-01,1.201288468709874824e+00
8.401058275759674121e-01,1.334081847714550184e+00
-1.543641334136716947e-01,1.544161825097254859e+00
-2.891883869066916857e-01,1.747343083746213610e+00
-4.288870220203497841e-01,1.203331591105752940e+00
-6.521717473791227571e-01,1.313004312015556341e+00
-1.435803335404406855e+00,1.201821165838662608e+00
-1.377352395494476411e+00,8.813068553811003181e-01
-1.265089349279079123e+00,5.966066707252426493e-01
-1.550975455198777109e+00,7.241745439397192508e-01
-1.546893758458163237e+00,1.847589300201835094e-02
-1.418777991610322031e+00,4.875499518508758512e-01
-1.287010301201149343e+00,5.674499015283585024e-01
-1.177531966896153914e+00,5.821278252290673638e-02
-1.283426307229492025e+00,-1.737657996945596861e-01
-9.596263813589736014e-01,-2.561399236460236706e-01
-1.342215548440420569e+00,-1.011150931325540681e-01
-1.139088334449845252e+00,-4.545431804827489985e-01
-1.302165660891718701e+00,-1.819149068249806267e-01
-8.766826601356548787e-01,-2.421196230382987868e-01
-1.089420652619268237e+00,-6.976148783383185892e-01
-1.189413313283835372e+00,-3.503860923842905262e-01
-8.314878424906346766e-01,-3.428196117981327506e-01
-1.001831978514336585e+00,-3.423572143063648987e-01
-4.349498382241299144e-01,-7.613151487832952036e-01
-1.145676127690288482e+00,-3.949005996232560212e-01
-9.277740358127699594e-01,-7.290808331600397985e-01
-8.781954177954628404e-01,-9.323732683365013596e-01
-1.145406947928822250e+00,-1.003920985012563216e+00
-6.709936699567400353e-01,-1.180006435633541351e+00
-8.021255526248231016e-01,-1.045659168802951067e+00
-9.541206347750282868e-01,-8.243124925333422670e-01
-6.961332611881998478e-01,-9.405028780187465465e-01
-1.220904113133848501e+00,-7.285877446434725346e-01
-5.654235297656955428e-01,-1.055730861832632206e+00
-8.063905489512921410e-01,-7.425843366386355449e-01
-5.997300204049745842e-01,-1.135265831400585013e+00
-8.280780604698083636e-01,-1.192377078514019084e+00
-5.142416831778042763e-01,-9.677112858663916573e-01
-1.052020345233049659e+00,-1.102639396180258746e+00
-5.356411870493105187e-01,-1.514570755183657358e+00
-6.875625941981480249e-01,-1.584274621530108451e+00
-6.388163418210572875e-01,-1.658993962188524129e+00
-7.778827405363949454e-01,-1.375939063374095994e+00
-7.589823145409673177e-01,-9.726868976402822664e-01
-4.843727416322812784e-01,-1.350033167032310244e+00
-7.505732640806672684e-01,-1.322811691509170773e+00
-7.399961858753001387e-01,-1.083107870147758112e+00
-1.021021999314746243e-01,-1.067362250780576671e+00
-3.985304756547893290e-01,-1.308842987149244630e+00
-5.040908401924826254e-01,-9.215600062725672892e-01
-4.892593318351113885e-01,-9.501162740756872171e-01
-5.411563953250925207e-01,-1.309584651502794905e+00
-5.834473107890940646e-01,-1.201975214658684843e+00
-3.964791415707510369e-01,-8.785491545695274240e-01
7.090855738840444455e-02,-1.074144035723500368e+00
2.322061724994600729e-01,-1.359472116603863689e+00
4.672036596891162019e-01,-7.175195464457208017e-01
7.929687141385366456e-01,-1.211147158356493669e+00
7.731012037478164345e-01,-1.048949469358124720e+00
1.023690180325405263e+00,-6.197923196164454307e-01
1.630430644002583973e+00,-8.325401004147429118e-01
1.621657936508283937e+00,-6.440998871542911175e-01
1.485214136624068315e+00,-3.293118649965282030e-01
1.390564676725425386e+00,-1.996850370336733516e-01
1.123544094045261454e+00,-1.445115640277948033e-01
1.433714342766691408e+00,-4.670343030851105137e-01
1.058299846706279190e+00,-3.243792690956037728e-01
1.482449224505767882e+00,1.727626075513059023e-01
1.433651088293341092e+00,-2.155233745446846760e-02
1.585879901591988883e+00,5.314951921486130715e-01
1.183875136684834350e+00,6.569335842665661174e-01
1.266213511188843510e+00,1.490014816484087068e-01
9.689211242677617797e-01,7.293646827560619217e-01
1.253624275067566574e+00,8.332237507669607579e-01
1.235621813191931873e+00,7.809721950296376614e-01
1.656725627401233414e+00,1.073481154776894542e+00
1.124009466568188564e+00,9.321003476225515616e-01
1.287813877815802810e+00,1.068804084533428345e+00
1.181230889849112398e+00,8.737587277059555291e-01
1.144115955308293575e+00,9.289566572782856912e-01
1.458976889387985754e+00,1.322401158753361283e+00
1.058629304379712144e+00,1.205925084441499928e+00
1.042817087634178463e+00,1.401762813480202929e+00
1.261655278406577319e+00,1.316581784161998003e+00
1.201401178657799163e+00,1.371666162098810871e+00
1.236387375962425983e+00,1.379457276102052932e+00
1.005362701702706030e+00,1.188477831272080731e+00
6.327970868526110459e-01,1.326068977199904131e+00
7.695694731310951386e-01,1.368371548312873998e+00
1.114602211478686433e+00,1.412648579522951309e+00
7.698131176985653079e-01,1.226090738927050783e+00
5.299890175203952891e-01,1.678723536566896213e+00
4.198054563401901751e-01,1.237301981567293208e+00
2.661605339052328656e-01,1.369532297329458137e+00
6.064586479870546221e-01,1.356446881957220185e+00
5.976791305321584868e-01,1.273098780379934070e+00
3.471769736950983121e-01,1.795640064319297569e+00
3.585976287735100354e-01,1.601724665021774685e+00
1.155669056287175755e-01,1.722206677343026904e+00
3.829345914171270460e-01,1.413375681053664179e+00
-4.311580420588919660e-01,1.334988602107338718e+00
-5.823337188184480873e-01,1.292418877039766212e+00
-1.157812509688793901e+00,8.404013583807370402e-01
-1.155223350032016150e+00,1.024117137772627029e+00
-1.272971586165279945e+00,1.105403457493465691e+00
-1.586314597174120156e+00,9.765917161668880020e-01
-1.433155375891314032e+00,5.735282284296554511e-01
-1.434678114872562915e+00,5.533155571963923602e-01
-1.633018978215156958e+00,3.095090717301983152e-01
-1.336490957183394057e+00,5.685256031869390103e-01
-1.184450104365913026e+00,3.522175319716396302e-01
-1.194628484041100558e+00,-9.467274939966320579e-02
-9.956504368230580937e-01,-1.475152271949874971e-01
-1.263687031105359626e+00,-3.121449900422106766e-02
-9.507543194355924099e-01,-1.929338924449305603e-01
-8.192554655876633785e-01,-3.479276475964473980e-01
-9.698103016580201796e-01,-3.099689413286632056e-01
-7.752241980010390332e-01,-3.410846662135087470e-01
-1.441706444064938752e+00,-2.359095240426092033e-01
-1.064285233665065222e+00,-6.302557785365254794e-01
-7.851511879526856807e-01,-6.485427762709798927e-01
-8.915421186437402223e-01,-7.952765409439431776e-01
-1.160576327235849137e+00,-3.355896140079802081e-01
-1.132570877635175499e+00,-8.676553793213821475e-01
-1.298632121748364288e+00,-4.746868162715158768e-01
-8.591464580559249331e-01,-8.001898349466441962e-01
-7.254543131224431285e-01,-1.157845447710774023e+00
-1.010366081834213947e+00,-9.517532464200306741e-01
-1.193443250685257473e+00,-7.100041862482466826e-01
-8.689205995549345030e-01,-1.073184514787106192e+00
-7.993412743296219869e-01,-1.192766273415056810e+00
-8.187494339232949114e-01,-3.880191035874822614e-01
-6.878185518509770668e-01,-7.687590075213917018e-01
-8.605087555419174139e-01,-1.279305330104804517e+00
-7.079921817499275072e-01,-1.421631944131277914e+00
-1.211408622061340257e+00,-1.029048437259477256e+00
-6.014047728530297343e-01,-1.028490304508479891e+00
-7.031774127078089798e-01,-8.173311452620071194e-01
-7.047924408935147822e-01,-1.339420958914167903e+00
-1.266385453615094914e+00,-1.251576718754270567e+00
-4.755456010999649097e-01,-1.252184533704563174e+00
-3.927761912158306279e-01,-8.038818634384374828e-01
-6.265788763561340735e-01,-1.023769595203820826e+00
-8.815948152600455723e-01,-1.068729874068373054e+00
-5.219839346876307129e-01,-1.321977179230565458e+00
-5.346982349253146527e-01,-1.309278421567171113e+00
-5.272648630683786086e-01,-1.236041819012228649e+00
-4.586627618526180061e-01,-1.501883195471817256e+00
-2.915346659364432824e-01,-1.384073101394827088e+00
-1.063239572188735271e-01,-1.257333562344269851e+00
-2.166007427461513757e-01,-1.643980589341113463e+00
-3.968948216741211010e-01,-1.024055367868486499e+00
-1.608485042769066953e-01,-1.288676340229397921e+00
1.164454077428193901e-01,-8.689887956387878365e-01
5.121172198585122182e-01,-8.239534249373774433e-01
7.316190261096833236e-01,-9.665667389710921320e-01
8.978778239444461517e-01,-6.725160733559402138e-01
1.395282160055626441e+00,-7.791323198608460787e-01
1.541012785595193835e+00,-3.701618965040748832e-01
1.455871994708685335e+00,-1.982811906135965585e-01
1.324219367877271791e+00,-3.212752194791016480e-01
1.881485064793850581e+00,-3.832164841680404943e-01
1.510060228411470584e+00,5.649873274000044576e-03
1.413456708176356713e+00,-3.595886757262226618e-01
1.209382579957774650e+00,1.620298537787612236e-01
1.578229338444320451e+00,3.032775575199391782e-01
1.608485296026786138e+00,2.565917738919057944e-01
1.400071776069021112e+00,2.969783141572868157e-02
1.401074292064698579e+00,5.428732877236988053e-01
1.200097461796339138e+00,6.317272418364612285e-01
9.326253008294193014e-01,7.315910499422456637e-01
1.334835515153153906e+00,1.077916347190545965e+00
1.536260188995737019e+00,1.027712797089044727e+00
1.395848907148145468e+00,9.223741875149689129e-01
9.746008414930535935e-01,7.890873711793608969e-01
1.554626327206698910e+00,6.243496714078660137e-01
1.077332981628431163e+00,6.877311522351392536e-01
1.435396308380240571e+00,9.110254282746658161e-01
1.431581919343222431e+00,9.907244638804011405e-01
9.989048527414934320e-01,1.375245771622960467e+00
1.264062999328879444e+00,6.191830226038395057e-01
1.142505493768372293e+00,1.322267788157010626e+00
1.069520379090818540e+00,1.107444750734118744e+00
1.007682440880166785e+00,1.193092068227244340e+00
1.017691274732381412e+00,1.262966170444057568e+00
8.232281151849009104e-01,1.363963478648403171e+00
1.078762659037564520e+00,1.413790631537079845e+00
7.763052159094310234e-01,1.445003911275434483e+00
1.067345536596129074e+00,1.715517853228664569e+00
1.058157840920857851e+00,1.519412294380008355e+00
5.740265233713716109e-01,1.150978295565199927e+00
6.891361488821196035e-01,1.150815198948351270e+00
5.189151631230525252e-01,1.403241301285815590e+00
5.146291081771466880e-01,1.371807414616965870e+00
2.657868430002993665e-01,1.478503134588848189e+00
6.266780921385786129e-01,1.310822256592647950e+00
4.308132519909856906e-01,1.932626862597711437e+00
6.569128504249656386e-02,1.498065821132155362e+00
-1.663216444529522497e-01,1.512495770126215611e+00
-9.289491819203374856e-01,1.034513875927703053e+00
-9.283671747711180755e-01,1.324208672104291828e+00
-1.159224058639727994e+00,6.952919694626811253e-01
-1.437423739182549065e+00,7.431735830012553556e-01
-1.213460329174419705e+00,6.240733019117308267e-01
-1.420872163720112491e+00,8.714783157267020908e-01
-1.002733516940644609e+00,4.546131001421820361e-01
-1.167173193588612490e+00,4.862550020974304443e-02
-1.193979752565144770e+00,5.554522858622621406e-01
-1.109540452338809491e+00,2.349664213248290889e-01
-1.273851497068928307e+00,-1.268503881582354331e-02
-1.213213493927918218e+00,-2.872210900614846629e-01
-8.366509269969064633e-01,4.663217870202197857e-02
-1.160652596236052991e+00,-2.752607398112882908e-01
-1.135730261932422103e+00,-7.278087405474048532e-02
-9.009394239004552274e-01,-4.902012480701929409e-01
-1.279564195692912687e+00,3.284835914930239742e-02
-8.392243561377126237e-01,-3.107632618443950667e-01
-1.076003142563926707e+00,-3.337870205923234579e-01
-1.284688613853235184e+00,-2.749302245777758835e-01
-1.018991401055512780e+00,-4.824838345341402324e-01
-8.644040766668327214e-01,-7.231281044053541329e-01
-1.010534985267701691e+00,-5.055425850256143327e-01
-7.519661535627165661e-01,-1.154336011353724656e+00
-1.277525487189376197e+00,-1.036243412351315119e+00
-1.099490128759137875e+00,-1.114982409885892700e+00
-8.480348138103064315e-01,-1.025549904357056175e+00
-6.428258661474203217e-01,-6.811002934624360572e-01
-8.712751402874949758e-01,-6.712631300383202770e-01
-8.420496492443265701e-01,-1.128676423990104594e+00
-8.151240133917385666e-01,-8.840627582852003119e-01
-1.131959929391183284e+00,-1.143687499175543687e+00
-7.303281831774167676e-01,-1.055958571972814175e+00
-8.439426540595953430e-01,-1.055154511802509854e+00
-6.919215984925192187e-01,-1.293405267766696953e+00
-2.936892047587501553e-01,-1.107042604595370072e+00
-7.753938280332390853e-01,-1.327076486042865877e+00
-4.818019680430952745e-01,-1.207977596022859146e+00
-1.558337317963719437e-01,-1.329124290107821516e+00
-8.908297723670397517e-01,-1.258926793428732260e+00
-5.830148568805729736e-01,-1.686413245722785170e+00
-6.541760580507427481e-01,-1.343603723898212587e+00
-6.386430065754115093e-01,-1.400975503613969719e+00
-8.038282142400736685e-01,-1.126066041932491713e+00
-6.193486461389923203e-01,-1.482772832268584917e+00
-6.181255072038457365e-01,-1.370299495854499616e+00
-4.028077780616028392e-01,-1.137163837945192713e+00
-5.664518947253830428e-01,-1.358521532982740698e+00
-5.860916349702917083e-01,-1.929256821141614342e+00
-2.122103516610394647e-01,-9.304441379464520878e-01
-4.295811055885964680e-02,-1.313807430561274359e+00
2.685843509622941327e-03,-1.417715437820713964e+00
1.439594090127120085e-01,-1.228048476221623053e+00
2.616808588963096538e-01,-1.005940860840874640e+00
1.299056666051795705e+00,-6.775633878482586470e-01
1.119033855162910651e+00,-7.331323030482083114e-01
1.543472806050482093e+00,-9.195258651145865603e-01
1.601263818505876735e+00,-9.498352572345356570e-01
1.337613371861336997e+00,-4.852193056577830954e-01
1.411750642992001703e+00,-5.642675904924421282e-02
1.609533183162373593e+00,-3.635902559329287631e-01
1.367212125001411982e+00,-1.343028614313848401e-01
1.230262154279203601e+00,5.784078285649160711e-02
1.145850563962511171e+00,1.687620489023724524e-01
1.367345708726812381e+00,2.276838270470643022e-01
1.177021003686004486e+00,2.896620089871897452e-01
1.841234664852354319e+00,2.405717208213504765e-01
1.401429200707344558e+00,7.200650479644707946e-01
1.469422239896587268e+00,5.879873720848837193e-01
1.093408168529215629e+00,3.246035879764679888e-01
1.285809704581903246e+00,5.619623643782950539e-01
1.250178028863466961e+00,7.663258122752024670e-01
1.097433002299562421e+00,8.908104661282365555e-01
1.582990454801336488e+00,6.532355552845487967e-01
1.095727121441608443e+00,9.047162532373757005e-01
1.395841406908770788e+00,7.334135734442310817e-01
9.325416499794971781e-01,5.906162623684809709e-01
1.034974114050227989e+00,1.208726351185292369e+00
1.313155072670903811e+00,1.190243184039479818e+00
9.564928552567811826e-01,1.303057155802061828e+00
1.093539066826040962e+00,8.174673596803838649e-01
7.823505272407976774e-01,1.540773059303172765e+00
1.066867314382395682e+00,9.972181662766179677e-01
1.139861078937172589e+00,1.515253403387061049e+00
8.610730831137921593e-01,1.462315867321051677e+00
1.707485907093817534e-01,1.550323852847608208e+00
1.122593353965698704e+00,1.152481338266656552e+00
9.103769729950096368e-01,1.328532753094744834e+00
7.967716711586230183e-01,1.326733201647136706e+00
5.100985461733161808e-01,1.801999029047209211e+00
6.683598009563608278e-01,1.453493811649746448e+00
4.749458439973228696e-01,1.229851297086396400e+00
6.951528930735010325e-01,1.542707425877671401e+00
7.084460132221485074e-01,1.653097999275915386e+00
3.872912512832427101e-01,1.331863811094896821e+00
4.377500676085925857e-01,1.273011233746074611e+00
2.623363928856957683e-01,1.443371364271416324e+00
3.087883071839037097e-02,1.453625840582895901e+00
-7.895330159047375673e-01,1.074182366920060749e+00
-8.054116170481041559e-01,1.530036809135821851e+00
-1.447485427712880357e+00,1.034878328976541750e+00
-1.215663319190301461e+00,5.990310244083906221e-01
-1.195603807427128240e+00,7.598857057702224083e-01
-1.704221090123391624e+00,9.808318464846903506e-01
-1.442712290244174689e+00,2.826451946344678001e-01
-1.168423522367412426e+00,5.382169903682852974e-01
-1.086668347095068876e+00,2.419744105940156986e-01
-1.217386720728350857e+00,7.023453746468025227e-02
-1.458469040804854178e+00,3.340667485379615886e-01
-1.198255175205174217e+00,-1.190044231777520958e-02
-1.558900625548119478e+00,-1.004585287566391039e-01
-1.308967222045670953e+00,-1.848642183060408561e-01
-1.165813118578658214e+00,-3.203396564081585352e-01
-9.157621354507565758e-01,-2.188220652011729217e-01
-8.597274371321889097e-01,-6.465938785608553729e-01
-1.196633176251955533e+00,-4.594131369720154678e-01
-1.129900063942347987e+00,-5.333893959459380385e-01
-1.266760507620187992e+00,-7.235214808809593556e-01
-1.340445243687368837e+00,-8.177166329013125790e-01
-8.551096254725838453e-01,-7.387624111120815185e-01
-6.746084545466279891e-01,-8.681231920488496900e-01
-9.337490852800206520e-01,-1.041745984879580922e+00
-4.192081735023052147e-01,-8.819761687472139622e-01
-7.551541221920601288e-01,-8.078985901543103143e-01
-1.019532905506947307e+00,-1.198331866067799067e+00
-8.531238926786552934e-01,-1.082419332245955435e+00
-8.969430272143792404e-01,-8.771215626210367988e-01
-8.315503827900291300e-01,-9.657628552329567961e-01
-7.983809332071335474e-01,-1.365991932993874336e+00
-5.301680118033982314e-01,-8.663429707425174264e-01
-1.017359390765050886e+00,-1.027098748612347734e+00
-9.029826290711497894e-01,-1.301915037597018765e+00
-7.516429993143484145e-01,-8.251461247846814118e-01
-5.187538079764033583e-01,-1.073599897589439189e+00
-9.396238898581528165e-01,-7.015692231297510073e-01
-5.132942967279384705e-01,-1.697918020903057768e+00
-5.859317193327966411e-01,-1.339473768327546166e+00
-5.606988366765890408e-01,-1.173088792963731031e+00
-8.021396028470431094e-01,-8.974104207613868844e-01
-5.528184769420558808e-01,-1.081550798655598999e+00
-2.950709922074156166e-01,-1.422497929425683205e+00
-7.180503009341254739e-01,-1.053266118966905474e+00
-2.245740047796009331e-01,-1.553450389226176842e+00
-6.452301976435365072e-02,-1.322993198128432857e+00
-2.869112821880434594e-01,-1.158060086242007403e+00
-5.709523479715090666e-01,-1.435633241263445825e+00
-7.347734779717046694e-01,-1.481254313752315976e+00
-5.412220705726409342e-01,-1.226715867013081329e+00
1.246988240151002680e-01,-1.218239614312146779e+00
4.865035762008814574e-02,-1.027710522844789587e+00
3.007655223672043299e-01,-1.220438215114483693e+00
1.345127457774253354e-01,-1.174091735777425427e+00
7.855934985004807691e-01,-1.186426953087124758e+00
1.200727669905193640e+00,-9.703253134263208901e-01
1.492636194318954113e+00,-9.527241695827211032e-01
1.287203347010779542e+00,-3.089421837195178155e-01
1.504318855212357864e+00,-4.244590251461336505e-01
1.275205372886653032e+00,-4.851870544788312589e-01
1.616641812894505481e+00,2.401003838963611248e-02
1.316749737012161692e+00,-3.341277151010292323e-01
1.437166274300275326e+00,-3.679256016110128424e-01
1.415220758057532446e+00,2.952966811745083575e-02
1.545552854558276845e+00,4.260764069308353164e-01
1.493846342748188949e+00,3.874441531483918122e-01
1.369560879061175740e+00,2.586084460542380503e-01
9.390945771264447295e-01,2.403208416387790647e-01
1.360876431691101729e+00,1.711737601933309705e-01
1.345066925839047522e+00,4.987033445085741201e-01
1.071155791752666842e+00,5.594184925425531585e-01
1.400092538046003199e+00,9.011714091112507097e-01
8.456633352998792486e-01,7.610308428991026108e-01
1.394408216306998183e+00,8.025219195664430316e-01
1.211755152549238712e+00,6.146110793803787331e-01
1.072102796660491020e+00,1.335556136318215126e+00
9.883229022843593725e-01,7.343878620560306825e-01
1.153312306938040432e+00,1.229642411989419148e+00
1.339250944558927792e+00,1.014539565122564824e+00
1.121566787598738291e+00,1.269956687938977868e+00
1.182915262728555739e+00,1.091541137819985963e+00
1.370924731267294083e+00,1.100363385213521061e+00
1.144425969167874868e+00,1.267266620770422403e+00
8.588701826123016358e-01,1.173916687365067046e+00
8.312762336762118398e-01,1.240974438740306773e+00
7.154849048946613221e-01,1.494708604400895258e+00
7.473871283719252245e-01,1.254085596023535754e+00
9.522699953373631176e-01,1.374283395722578183e+00
5.335259880718300485e-01,1.224279462393639051e+00
7.379510184724188404e-01,1.308749135597404800e+00
8.813260405322006497e-01,1.279551914737283358e+00
4.843515404624023635e-01,1.235073179203743043e+00
6.951225476873554854e-01,1.534159851771149441e+00
1.998394199571364438e-01,1.556889837004944210e+00
6.034739296778384166e-01,1.082757213214271541e+00
1.530104500208185614e-01,1.686691922333827476e+00
2.931124621655619156e-01,1.374072781777496033e+00
-9.435408831003502805e-02,1.742921551096478616e+00
-4.715096728860369013e-01,1.004543782866748280e+00
-6.737270139719541140e-01,9.762418663707133071e-01
-9.816974230209123409e-01,1.163517540029187503e+00
-1.093374937609288278e+00,1.214444996435058544e+00
-1.584375608159136473e+00,7.666226893404934906e-01
-8.958965163125416353e-01,8.537212560059731503e-01
-1.234912186327489447e+00,3.363903249189355016e-01
-1.231405651835457693e+00,2.461419900108052228e-01
-1.527929416616687686e+00,4.361904480392508332e-01
-1.202449778760501520e+00,6.333614868406986509e-02
-1.117746621130232487e+00,1.903103974928758990e-02
-8.220964557777098447e-01,1.994429882593379277e-02
-8.439338585897724343e-01,-2.259180145030328102e-01
-1.018101634139368938e+00,2.201578427589221121e-01
-1.068048047594589933e+00,-2.463004053482542588e-03
-1.451497108562016525e+00,-1.655748077523803152e-01
-1.079381015054431625e+00,-2.274578389905722309e-01
-8.936080130158824408e-01,-9.014958086863474884e-01
-1.137591194316426968e+00,-6.504883868366854172e-01
-1.000204836295675692e+00,-9.673936544286149131e-01
-1.230533677187819253e+00,-4.383819411124562082e-01
-9.588638045414131783e-01,-9.126302537428759853e-01
-1.026699945841362371e+00,-5.285182338459953888e-01
-1.325774311568535202e+00,-8.405862191805246741e-01
-9.855733879686900956e-01,-8.081081946214814238e-01
-8.206232142735265800e-01,-5.078047423612490618e-01
-7.923010722450546384e-01,-1.048989807309025579e+00
-6.330642175168534891e-01,-1.142179927336548273e+00
-7.789083752108474368e-01,-6.925159631848405439e-01
-6.320416841611735670e-01,-8.784353593368596780e-01
-1.275006796152372779e+00,-1.092249251408363930e+00
-9.271681057305811713e-01,-8.360849586473009243e-01
-6.223137408959480421e-01,-1.075520401337298093e+00
-6.120117311705515206e-01,-1.282074589873880788e+00
-6.241463874173940329e-01,-1.155334786849308459e+00
-1.067322926010128903e+00,-1.125525896070080023e+00
-5.684165875406456125e-01,-9.735020544547798860e-01
-5.829193459203182437e-01,-1.026570175564294862e+00
-1.012662115191718337e+00,-1.316212058715763300e+00
-6.715840015960885534e-01,-1.318994542203692610e+00
-6.366512689963296223e-01,-1.377930703966053105e+00
-4.459748747257483714e-01,-1.467960650932754740e+00
-5.407855842756914555e-01,-1.260171318509976768e+00
-5.074152767670186970e-01,-1.467165752608627916e+00
-2.238554982038296060e-01,-1.323284871393877182e+00
-7.551741221479120192e-01,-1.115689270507201014e+00
-4.266635769584097293e-01,-1.290431288433548929e+00
-3.967233975363527732e-01,-1.183896797047935934e+00
-3.297646513355227404e-01,-1.405950475744882855e+00
-5.299158604187005350e-01,-1.174371203721493950e+00
-4.546206961854355466e-01,-9.892822674145673734e-01
-2.123888772703864669e-01,-1.353791057458770375e+00
-3.512926237845742650e-02,-1.416648723140014221e+00
2.676444313692317722e-01,-1.145909408813699848e+00
3.014038896582869609e-01,-1.502581293525650175e+00
9.800154441238246861e-01,-7.369258085819347937e-01
1.105486133702861418e+00,-8.093998545994873783e-01
1.756802411439884359e+00,-9.305517491964339083e-01
1.410783347749963168e+00,-6.857651226921699372e-01
1.673462295032350111e+00,-3.189725222981201203e-01
1.604021952662295192e+00,2.082384566050535235e-01
1.787860135420473506e+00,-1.952017458848681053e-01
1.401633191059751482e+00,-3.545780107931163494e-01
1.078750893589446314e+00,3.086110322678492501e-02
1.141062274627514750e+00,2.666176532379841424e-01
1.221872893972258511e+00,1.210130504536501839e-01
1.048908935342194981e+00,7.511292034078898006e-01
1.490396563006139097e+00,2.741911868227523419e-01
1.347994160578539269e+00,7.635919119288043788e-01
1.111266855068615778e+00,9.589379950538590158e-01
1.069377293284235142e+00,6.167638582031078620e-01
9.246070737485880819e-01,2.152446794965227062e-01
1.435434768356219637e+00,8.070048837143735110e-01
8.652110953008145255e-01,5.249768509687687823e-01
1.419420011423824457e+00,8.826281884877136275e-01
1.454758148728118927e+00,1.096228589934879372e+00
1.132989078493941593e+00,1.028145322469709688e+00
1.012774506439537259e+00,1.090692263501456871e+00
1.088670428976844073e+00,1.284858235709843033e+00
1.044775244431940253e+00,1.325118871320537073e+00
1.237597230779946322e+00,1.236506609141039048e+00
7.661960988103069248e-01,1.205149443577222979e+00
6.220615736290104891e-01,1.029795578361868857e+00
1.122840662524575039e+00,1.400985252778514267e+00
9.483691504978007947e-01,1.269430432682437715e+00
7.718746358488259851e-01,1.252281619474859387e+00
1.081667770728414579e+00,1.472092686600453115e+00
5.808597469441945105e-01,1.435364433084805658e+00
8.465273517402719383e-01,1.740987241691275722e+00
4.264555142858282299e-01,1.266948260385643010e+00
9.267602872934755931e-01,1.210134348053320208e+00
1.155849488407497905e+00,1.201350082579021761e+00
6.207693285894866353e-01,1.549410115555185596e+00
7.119967217177682883e-01,1.575646365116289749e+00
3.408005213237149666e-01,1.603848252793563578e+00
1.428601176566567654e-01,1.294329273132855951e+00
1.871044033258702499e-01,1.671668140008302661e+00
-2.347424282072450297e-01,1.143413190263774304e+00
-3.235410692048368286e-01,9.971346763774771027e-01
-5.738423435720045873e-01,9.554116713313538511e-01
-1.049803417335171574e+00,1.219627101325915230e+00
-1.113532275598981602e+00,9.537310007918267107e-01
-1.281244368036237091e+00,4.519354600321450754e-01
-1.441465046680076245e+00,8.053337803813707119e-01
-1.137942540187992568e+00,3.353290968245498105e-01
-1.183651632123817521e+00,4.807243876560814977e-01
-8.843775963578685007e-01,2.389353890948319181e-01
-1.319789396902622203e+00,3.499418523064565245e-02
-1.396898651566139016e+00,1.963682990688887520e-01
-1.319182157427452928e+00,2.424971092807882977e-01
-1.285115731463048583e+00,2.448693867694808901e-01
-1.057529541291166275e+00,-9.554499723118850540e-02
-1.352653935163345533e+00,-1.626344645881155349e-01
-1.095027229242590439e+00,-1.793530729401247303e-01
-1.187927619707428661e+00,-6.700130491726290494e-01
-1.012395817704294432e+00,-4.211761895948525347e-01
-1.000390563211194461e+00,-3.142986511754735646e-01
-1.218863657263439260e+00,-1.054637211076260517e+00
-9.177240412880162124e-01,-5.566372687194518498e-01
-1.089950885680084802e+00,-6.600131744970941794e-01
-1.185910007072658479e+00,-1.168567900519549507e+00
-1.296740891485779201e+00,-7.890324570022998474e-01
-6.633968370852414420e-01,-9.226590193653929628e-01
-7.588905281290537763e-01,-1.008036544265900281e+00
-9.144452647987209026e-01,-7.715225545803066076e-01
-8.583198921780660351e-01,-1.078166084764804245e+00
-1.039509862282032460e+00,-1.024740120977664759e+00
-6.113902485786919527e-01,-1.354250736390646637e+00
-6.571420874177038574e-01,-1.014825392446495389e+00
-1.003828123813090611e+00,-1.104277919216087200e+00
-8.315674658308092049e-01,-1.316871869396681216e+00
-8.791092766030669248e-01,-1.403027680356312423e+00
-1.165636517585068477e+00,-1.143742996624597108e+00
-5.221197836923412439e-01,-8.673556913993433204e-01
-9.324691715221603561e-01,-7.824372359981606184e-01
-3.834920512794828262e-01,-9.429758141785751224e-01
-8.236997464709354677e-01,-1.353774190796541932e+00
-1.031139721892124328e+00,-1.214642861444615862e+00
-6.979701166218086339e-01,-1.229956629254980838e+00
-7.605436813219411674e-01,-1.135044025728499939e+00
-4.976470941451792696e-01,-1.503561324810471556e+00
-5.458856675322631968e-01,-1.220656654793158102e+00
-1.025721579203187073e-01,-1.258916728468290058e+00
-6.561153692669490223e-01,-1.339258279122007123e+00
-4.329692202426765890e-01,-1.297866445072369146e+00
-7.467060764070079237e-01,-1.329459169095218440e+00
-4.588350116036499227e-01,-1.303578242643638418e+00
1.767676366451203518e-01,-1.401825836873032749e+00
1.348200942457641327e-01,-9.815113826443873091e-01
1.126007995157668334e-01,-1.183800426434341579e+00
2.885775111560371364e-01,-1.234774444030755092e+00
3.078790110359365118e-01,-1.239804742838260809e+00
8.156332409902292691e-01,-1.056921090464959745e+00
1.070090524085170802e+00,-6.313763101368086161e-01
1.221887972126107114e+00,-6.491125617308006746e-01
1.365379693749264156e+00,-9.864256021915074335e-01
1.213143752010031218e+00,-6.375288789543410717e-01
1.621167295925733276e+00,-2.854039799625204266e-01
1.432633256141631950e+00,-1.692937931227569137e-01
1.477535706714463659e+00,-2.295408002596934782e-01
1.613309228783026406e+00,1.709983542433374804e-01
1.625125673312551866e+00,-2.227239785769078578e-02
1.514821215245612418e+00,-2.859117149066563446e-01
1.419569396410350182e+00,3.082687704289387431e-01
1.390180026934279223e+00,2.831839088652157166e-01
1.599925979079863891e+00,3.961407798182252082e-01
1.290198808641699779e+00,4.494663366718728015e-01
1.503995831306737863e+00,5.178732294104648748e-01
1.109286879166879736e+00,6.292962011891058971e-01
1.596571987106655488e+00,6.616843853875160608e-01
1.356919889973953630e+00,7.331781526082310485e-01
1.156985881192797105e+00,7.399240582069768202e-01
9.474424880403458094e-01,8.898439085147287209e-01
1.312520543888331614e+00,1.283259107208558181e+00
1.235040594210011999e+00,8.574712209915594796e-01
1.273261327483186323e+00,1.161158507911318916e+00
1.380918512721668323e+00,1.534546953626102717e+00
1.320767589544792564e+00,1.081177363651773193e+00
1.022022294793356600e+00,1.431313778210802301e+00
9.276609371569318752e-01,1.208569281135179807e+00
1.130569248375425495e+00,1.484711349705432948e+00
1.021781924069141034e+00,7.230216830847816523e-01
1.017349027454361732e+00,1.267074840333451746e+00
7.250629260811275456e-01,1.359286636621069411e+00
1.113236941371232191e+00,1.150447637330202388e+00
1.173658002186300564e+00,1.591057116621629186e+00
1.005994520852772078e+00,1.248081122800960729e+00
7.284193524746341852e-01,1.346833705932646064e+00
7.329069498846726427e-01,1.419767259010125793e+00
6.162008329946540020e-01,1.401508778507824404e+00
5.737705945170854527e-01,1.491031078146294320e+00
2.068806984925391501e-01,1.530048486236992078e+00
7.745974609579386883e-01,1.635954865992536256e+00
1.072896011327470756e-01,1.610654487519808997e+00
5.575617495591080885e-01,1.321875574677245924e+00
-3.943288850277060220e-02,1.782315219478939117e+00
-3.528647450576667399e-01,1.561620585800927552e+00
-1.155245776585310136e+00,1.201145420663821461e+00
-1.097074488381161839e+00,1.149169711562538110e+00
-1.111880738707900829e+00,9.416377188077965643e-01
-1.553580142356483673e+00,9.978582088299541297e-01
-1.209721604128696004e+00,4.266427188994806885e-01
-1.119089023127685545e+00,6.553830897762836782e-01
-1.145937989095588305e+00,3.747524003167647666e-01
-9.079855152069395974e-01,4.385831408284880384e-01
-1.374115792780339573e+00,-8.722349779074589637e-02
-1.350816101637074551e+00,-3.509752204436628054e-01
-1.230731575133800160e+00,5.484646096558923323e-02
-1.401493645593602233e+00,-1.695894953890733081e-01
-8.307212899355860269e-01,-1.244019374923296950e-01
-8.158015131083220517e-01,-2.641513054363917590e-01
-1.139789072833772066e+00,-7.443872224338798915e-01
-9.402003446495139638e-01,-1.580032811746302501e-01
