-6.747007838878897601e-02,1.330893931671257802e+00
3.100680304992604053e-01,1.382672051013503101e+00
1.504603036552527584e-01,1.712736919468329733e+00
3.551809065003577737e-01,1.847983029420375622e+00
4.661328165679373137e-01,2.031438710117239754e+00
9.509508011810117178e-01,1.650431939585305763e+00
8.001206185780934677e-01,1.234559697324064009e+00
9.274240363688581734e-01,8.940579758823592460e-01
1.478427044261524825e+00,9.516096971062040222e-01
1.498406706795883281e+00,9.443246320253910753e-01
1.592604090872572042e+00,4.378670630681666953e-01
1.273581145365219047e+00,2.973194699483312498e-01
1.404802759431996284e+00,-5.940476082260847529e-02
1.252796708361171074e+00,9.155320593384053129e-02
1.634380875988413084e+00,-2.677792143157636806e-01
1.226767248883973593e+00,-1.411655425844223488e-01
1.156350653388376948e+00,-2.141110410854757395e-01
1.595072922033056395e+00,-4.632870091577958038e-01
1.212706279782847396e+00,-2.102603098264760328e-02
1.089528164140111111e+00,-4.269914036335138996e-01
9.285959411163732247e-01,-6.309813126348479129e-01
7.904474300311186141e-01,5.884233521036008607e-02
1.126151782432061044e+00,-5.731272467817996041e-01
7.420460286110260872e-01,-9.698701707665102756e-01
9.391468269919934775e-01,-6.794724589593482689e-01
9.236986958297319639e-01,-5.634098576405064396e-01
9.527479137830749956e-01,-7.692201738415462842e-01
7.953452459283818499e-01,-9.104306990010873069e-01
4.139416750512614485e-01,-9.758786423098576579e-01
6.427284159326107638e-01,-8.794887429199635953e-01
3.811116036735259782e-01,-1.043940234219345342e+00
5.882568079250209969e-01,-1.592691541082742024e+00
-1.143080781734978069e-01,-1.373791045203436090e+00
1.322420668075295347e-01,-1.563398496569327056e+00
1.327597415527945190e-02,-2.269211252554458547e+00
-8.067444260416440915e-01,-1.905046110515718150e+00
9.600392535525248405e-03,-1.859678881057124533e+00
-1.157913756139487216e+00,-1.908934121208020196e+00
-7.639981372448259034e-01,-1.507838545162707433e+00
-9.520065625147667854e-01,-1.503397996306604201e+00
-1.040699757018023863e+00,-9.129897861954765492e-01
-1.385283842470456550e+00,-8.410992350930226458e-01
-1.367866558000937260e+00,-8.596804484376069366e-01
-1.631084431621271147e+00,-7.366928822153622214e-01
-1.380044117834316575e+00,-1.424443768022982948e-01
-1.465433723397410404e+00,5.218784371229488739e-02
-1.282230451762045309e+00,2.937142588392840925e-02
-1.130748165515816916e+00,-7.654165315204169984e-02
-1.340761904982100905e+00,2.817942101239772068e-01
-1.135313278397834580e+00,2.497914949204425028e-01
-1.054481848125997878e+00,3.415860815526146066e-01
-1.247818255317096447e+00,3.935590847523989244e-01
-1.043691031002814462e+00,6.267838168714519043e-01
-1.256867858084841139e+00,2.066681528474395568e-01
-1.281482410689709361e+00,5.546873355581408704e-01
-1.034513575539556918e+00,5.851675961721004571e-01
-1.118450703355264642e+00,7.547338186930724335e-01
-9.468593996885971142e-01,3.119540440509229740e-01
-8.140722852249241415e-01,7.969128714784471379e-01
-7.447314044945537725e-01,7.694370737988173170e-01
-6.503614339839257630e-01,5.974476981583760615e-01
-3.047522554059264865e-01,8.184058362616705162e-01
-2.248627976860090860e-01,8.611270832934432296e-01
-2.224725449142425648e-01,1.122936670252645097e+00
-2.822183479660051453e-01,1.006184159384408749e+00
6.513200654438894288e-02,1.412692536573888491e+00
-5.365520385760863542e-02,1.717708895245593226e+00
1.375373769958913028e-01,2.068321787009990587e+00
4.930112365388141238e-01,1.694368860713075131e+00
7.426467222248163136e-01,1.861433369368780788e+00
1.058558525662444127e+00,1.873122323801146294e+00
8.233556667891969161e-01,1.773068650434924232e+00
1.084860730702585263e+00,1.848127018570922875e+00
1.203144258317132342e+00,1.218025843236074879e+00
1.153586277075741684e+00,1.067022761226379401e+00
1.216734840434710918e+00,3.654117815681089954e-01
1.185645010103879127e+00,2.436745199766709447e-01
1.372245969962712753e+00,3.411449471613241524e-01
1.286722406491911164e+00,2.148702226565089579e-01
1.066270196461476250e+00,3.878275597688047860e-01
1.058274217952226870e+00,-1.843016647882448622e-01
1.306401970557798942e+00,-4.451147751239709072e-01
1.453881798955600324e+00,-1.268817537054613143e-01
1.248293847739728291e+00,-1.378082685232255300e-01
1.255827980537740807e+00,-6.284194919028763815e-01
1.184023567712471969e+00,-5.542987563883543523e-01
1.245493668886534788e+00,-5.608131796975770467e-01
1.088967809246553564e+00,-7.307550356174209449e-01
1.264677287030440134e+00,-6.192869093130193292e-01
7.803243357342249942e-01,-5.927057318416961706e-02
6.511005359604775666e-01,-5.255650689483599702e-01
4.360303719626353880e-01,-6.121515993488537699e-01
8.364463547968827850e-01,-7.778430367783643051e-01
4.504183158142677779e-01,-9.608775567069798296e-01
4.794430820155123896e-01,-1.095900496580132888e+00
3.609893164347192096e-01,-6.580481296609891340e-01
5.295862644972179067e-01,-7.770182864245702703e-01
1.437238176919284349e-01,-1.243321410417102868e+00
-1.279844483753981577e-01,-1.525263104652657020e+00
2.537693031191288334e-02,-1.515413317055025022e+00
2.883952051006299366e-01,-1.560474618262916557e+00
-2.855901504076001629e-01,-1.632086904107121317e+00
-4.053997751631518986e-01,-2.047967050869421435e+00
-7.218632518658971708e-01,-1.588031256836426319e+00
-5.202164435233558315e-01,-1.750518447440457592e+00
-7.491455947741125776e-01,-1.291478528292854255e+00
-1.190137768935495721e+00,-1.305339848131189529e+00
-1.175654562992157315e+00,-1.181755023155698581e+00
-1.215905003205626000e+00,-9.241783111598675937e-01
-1.339798537028758174e+00,-4.696973016927061817e-01
-1.304172547275847638e+00,-4.630473711116331881e-01
-1.504475714563229261e+00,3.547335268716677037e-01
-1.422664073273333774e+00,1.178443486984017685e-01
-1.514165297864610960e+00,2.064174895847744051e-01
-1.280769982819147224e+00,1.720551256416502639e-01
-1.376952136736291799e+00,2.879071041639780226e-01
-1.233380070213474955e+00,5.910349097734204360e-01
-1.387836593509395033e+00,5.634886603704427621e-01
-1.050952774567665227e+00,4.870604956404214203e-01
-9.501526919173834962e-01,4.882118867443817622e-01
-1.096303021122673194e+00,4.660802825806664718e-01
-1.120020493214977542e+00,4.924786464677434195e-01
-1.382692775944902586e+00,6.909868202251667757e-01
-1.015746001578084368e+00,3.172236469403419967e-01
-6.937510249698700671e-01,4.608677540760528490e-01
-6.476349320670380383e-01,5.588924196354142504e-01
-5.539713711061327039e-01,1.145982364102599016e+00
-9.846120322172489114e-01,7.837054262623215362e-01
-3.866763247925775193e-01,9.705843294581424363e-01
-4.254771424273172120e-01,1.191204339201258344e+00
-5.332612347153097287e-01,8.602330177172572423e-01
-4.002249469971884133e-01,1.508600851136011833e+00
-2.789215864441797477e-01,1.075078873255978618e+00
2.511260630721009468e-01,1.429544130775247224e+00
9.088169425922622280e-02,1.400222577911685251e+00
4.613433520020711054e-01,1.913996985109866156e+00
4.292910254392953706e-01,1.624726155795517712e+00
3.469725585887867836e-01,1.946524746071845779e+00
1.421952227479792219e+00,1.768087930996868673e+00
1.181465502735320694e+00,1.464820847780973434e+00
1.257984542783256998e+00,1.072263887561095030e+00
1.342504247357077185e+00,6.311750161867808462e-01
1.099692076109897831e+00,5.184366724113468328e-01
1.404668159265771266e+00,1.947263106353086526e-02
1.290565786429118678e+00,-1.979130942674656168e-03
1.543640340552771439e+00,-3.907616219184618239e-02
1.354611583772927119e+00,-4.916755970519353092e-01
1.421000393133997397e+00,-1.436733286000921317e-01
1.778647332663043645e+00,-2.185929453161070124e-01
1.490749393305416115e+00,-1.676289731503393388e-01
9.060395489741285280e-01,-4.183128560446235378e-01
1.193637143378697196e+00,-5.200585396594317178e-01
1.354509241080998461e+00,-1.353087969889558706e-01
9.507144889453875702e-01,-5.240650386416580986e-01
1.169750074292446262e+00,-6.819918469931167682e-01
6.071603870363160294e-01,-6.045126942156902050e-01
7.516636479837528473e-01,-9.879564725865750408e-01
1.090779304786628323e+00,-3.164558280468321994e-01
9.494913676445829731e-01,-6.094550599707542204e-01
8.585645008202441586e-01,-7.645289102248958857e-01
7.835504534373741725e-01,-8.405581682233447260e-01
4.584388706346314013e-01,-6.348734629590491174e-01
6.650443189311532333e-01,-4.479010753509058418e-01
2.486081151107922826e-01,-1.372132237406961552e+00
5.665348182656422260e-01,-1.224024279270454096e+00
4.425871692294494064e-01,-9.359053457300042789e-01
-2.444892223454511737e-01,-1.657981777830459968e+00
-4.624276895062139348e-01,-1.666483303200897659e+00
-4.409335931959315058e-01,-2.157177137572991565e+00
-4.584942496850736293e-01,-1.598111549780177443e+00
-8.589397516850093561e-01,-1.607845223965363335e+00
-7.068372178686744833e-01,-1.761273204801738324e+00
-1.222428352613123215e+00,-1.620894888933607669e+00
-7.232584229700856904e-01,-1.303042741387223424e+00
-1.141030614101007812e+00,-9.504274730620693168e-01
-1.548371374672794065e+00,-4.488491075784000195e-01
-1.043986151860903488e+00,-1.140848274893646319e-01
-1.074011510285382442e+00,-9.518024841140371173e-02
-1.400577503046062766e+00,1.344628518496406022e-01
-1.435644978501310565e+00,4.338589795702119112e-02
-1.691202213138532695e+00,4.289162905288332883e-01
-1.336527991576274443e+00,-3.185958367666164026e-02
-1.678571880331790167e+00,6.925463825140243390e-01
-1.063688329428475798e+00,4.559005079358018908e-01
-1.532309698206836490e+00,3.620376159797799587e-01
-1.402001118831819992e+00,3.751492957335229028e-01
-1.192385283514592720e+00,3.351506342900438251e-01
-1.377950977076187078e+00,6.607107743405724598e-01
-9.961531948136560510e-01,6.572770963296749036e-01
-7.622658004272956367e-01,8.057379687490136000e-01
-5.958633800079387033e-01,8.120454373846880403e-01
-7.715155591610693975e-01,5.915126231053020600e-01
-1.051072263787150352e+00,8.459247965307423733e-01
-7.755263969783133815e-01,1.189668658579449811e+00
-7.352863184968215782e-01,9.186274036286101730e-01
-4.868578422566730013e-01,6.526303703557766456e-01
-5.970559109559516742e-01,6.488210352962432426e-01
-2.787031720908123567e-01,1.198193390132811675e+00
-6.212183331336029735e-02,1.146726397999046965e+00
-2.862203789672324028e-01,1.372062917745288768e+00
1.597767675163832002e-01,1.370655505519371209e+00
3.197078489840485815e-01,1.826144973968517160e+00
5.861427027421417524e-01,1.760788423695779148e+00
6.253939287438310402e-01,2.110470315835047739e+00
6.521122955622363770e-01,1.785447319555344858e+00
1.364442461366070170e+00,1.666333281275581779e+00
1.299222306949812555e+00,1.384043306018108987e+00
1.428378283273245453e+00,1.094117859391295688e+00
1.266800579309915520e+00,6.295862367766774659e-01
1.318647640555705713e+00,5.323267764468060381e-01
1.397908435004730388e+00,1.764497557975739650e-01
1.418439376381236849e+00,6.701850992138448648e-02
1.709803619318750911e+00,-2.973770651227194972e-01
1.596955308469372392e+00,-2.890353983391397152e-01
1.290351916939129318e+00,-3.023111115357622891e-01
1.056501323293319805e+00,-4.530131044716424471e-01
1.265497555989764988e+00,-4.887241759171134792e-01
1.513343158623413398e+00,-5.713199010363113617e-01
1.178207528260234893e+00,-5.609778868843997568e-01
1.416361754100747827e+00,-7.410180607852974166e-01
1.200372182853578051e+00,-2.655042091776327884e-01
1.346772518601703661e+00,-5.033906948376722923e-01
1.355294048770729898e+00,-7.656190392852025850e-01
8.398746414082434164e-01,-7.233902819645664506e-01
9.379359885425594401e-01,-1.083615446776081459e+00
1.007645390310136335e+00,-4.661566901432132592e-01
6.862165625946988756e-01,-5.202052107556278671e-01
7.781067908341090522e-01,-1.036251384592894453e+00
4.371808863667969725e-01,-1.022918217581755940e+00
5.444398214110777179e-01,-8.275160859504686606e-01
5.062094196266690993e-01,-1.249261403135554227e+00
2.757151426899452917e-01,-1.373715490018033059e+00
4.375636541277582170e-01,-1.468813194397998734e+00
-3.903692364459949993e-02,-1.598749638481570479e+00
-4.271234467293403836e-01,-1.704232792813898723e+00
-1.980381609908610785e-01,-1.841880983495621349e+00
-8.770456046017669482e-01,-1.908590858919791078e+00
-8.748702172396076726e-01,-1.820315923859007201e+00
-7.161152702700694928e-01,-1.819240678986039361e+00
-1.096147950642845759e+00,-1.413716941297291640e+00
-1.477238188149967213e+00,-1.033914881782053374e+00
-1.344472290311184759e+00,-9.690421917671748764e-01
-1.617467646081708565e+00,-4.934803449787701357e-01
-1.220197774916145672e+00,-1.478349670476947209e-01
-1.634784306238207918e+00,-1.305776013611716357e-01
-1.306372239828274884e+00,3.129288702684761558e-01
-1.083719359673334548e+00,2.184182885717632083e-01
-1.148402790671326112e+00,-2.944593777371018462e-02
-1.233730658951110115e+00,6.265262370811472969e-01
-1.310411407064888678e+00,6.292591833984788607e-01
-9.934574706092351715e-01,5.178769769833224679e-01
-8.882886187745731021e-01,3.692935130809027466e-01
-1.224659113401943333e+00,7.647937368482650156e-01
-1.053263492905378573e+00,2.435085616033945688e-01
-1.074656072962566711e+00,1.121391739487766603e+00
-1.499373530051085313e+00,8.253960509681945723e-01
-1.069164851542180550e+00,7.056099065999990039e-01
-7.400842530530845620e-01,3.737855609569316062e-01
-1.149808687173252686e+00,5.189261116155774456e-01
-7.855062909530580173e-01,4.131691826513937404e-01
-5.563229088630337049e-01,9.339074747641564755e-01
-5.424293223498040106e-01,9.371258681345594477e-01
-7.720849230602448987e-01,9.186453462860599828e-01
-3.964829695235182472e-01,1.241070311683760918e+00
-2.638643339319969305e-01,1.540513343198821605e+00
-3.752821205783916925e-02,1.354457623258908949e+00
7.000614821479635153e-02,1.814704605363190115e+00
-8.887555303607225232e-02,1.569277300005311959e+00
2.377742142193698671e-01,1.638192423980436185e+00
2.985761712259381029e-01,1.974069935801237463e+00
5.849853919591430085e-01,1.974040038321487778e+00
7.649712069782741430e-01,1.484898135206249137e+00
1.260184202398550335e+00,1.870550000819575232e+00
1.202049080516872204e+00,1.310883897735861225e+00
1.608809851194514806e+00,9.783903014094235129e-01
1.566637347321107487e+00,7.125160687234456391e-01
1.641462287679072984e+00,3.752619799219383823e-01
1.458213430858081638e+00,2.342210404651395850e-01
1.131994233919082271e+00,-2.125902338429760119e-01
1.664598776516189815e+00,1.351755180473730444e-01
1.459357955059833900e+00,-4.216882705161323908e-01
1.587548509574534528e+00,-2.777412335820512168e-01
1.081116591928776627e+00,-2.189784080130875998e-01
1.457378671756456745e+00,-2.083300272584217017e-01
1.176884879099963976e+00,-5.230558073336952774e-01
9.339344033668839362e-01,-1.481727974735392861e-01
1.191142908838847880e+00,-1.709610129102928089e-01
1.046809795972467594e+00,-1.747898074570820581e-01
6.810772699876118663e-01,-5.191096766837559606e-01
8.256488098421278510e-01,-7.106429490243663105e-01
6.618191163180109360e-01,-7.603721373540716089e-01
1.243690067008354827e+00,-7.916650747191213977e-01
1.007920716004538031e+00,-1.123613943560928252e+00
1.203340564083156039e+00,-7.994305713210206887e-01
8.144460420703862891e-01,-6.210792791440326033e-01
4.262998152477475156e-01,-8.693715474002839949e-01
3.864634558854085356e-01,-1.190708420219343200e+00
2.221125978573273985e-02,-1.189802039123257771e+00
3.556362490834858447e-01,-1.115387209147911785e+00
1.148920028192334103e-01,-1.363585419095295848e+00
-2.125273651801172503e-02,-1.744722686177585524e+00
-5.575058098030902798e-01,-1.849398127734128705e+00
-7.492870562205512508e-01,-1.673505093789938503e+00
-1.171278133044415526e-01,-1.663906407423209499e+00
-8.554337786102211849e-01,-1.785414475260949319e+00
-7.385675030944091057e-01,-1.715780416308197331e+00
-1.088656435439831371e+00,-1.744410897068250588e+00
-1.453319493762823100e+00,-1.096709544698819538e+00
-1.184829868654654117e+00,-8.183302117028725675e-01
-1.240636289119458002e+00,-3.539800275955035103e-01
-1.020050435427800384e+00,-3.876014797907608722e-01
-1.804236431764767445e+00,-4.947823979205788203e-01
-1.424283700883453907e+00,3.452153926846837639e-01
-1.341131330660033871e+00,3.370353229077635016e-01
-1.363877459629338817e+00,3.207402606622341001e-01
-1.626072952911062242e+00,7.125008655959133019e-01
-1.192307380701720820e+00,1.057994353415159794e-01
-1.642581914232942086e+00,5.124566944262802792e-01
-1.229284154180243060e+00,3.827718271766618607e-01
-8.749523076119275489e-01,3.579319117050057675e-01
-1.282724431441133017e+00,6.490223265506821493e-01
-9.393129757434377503e-01,2.800768428546477340e-01
-8.468162537867804929e-01,9.669888118913951836e-01
-1.012168185192367176e+00,4.937901446918062653e-01
-1.026569948487626727e+00,8.311437136394227432e-01
-6.346327060517044094e-01,4.905395240221427922e-01
-5.103595333721402394e-01,1.027789356923928921e+00
-5.981585780034525124e-01,4.051126490741444042e-01
-4.102237165781957851e-01,5.984637897003122209e-01
-3.235557690137386144e-01,1.221240710866769330e+00
-1.724410664257704506e-01,6.057019997694336189e-01
-3.904053302657316538e-01,1.403961772974777533e+00
-1.284559309539017868e-01,1.091989270144486657e+00
-5.222919169009865303e-02,1.546232578463250684e+00
-1.446116103439353817e-01,2.034068292551405754e+00
5.358360635849026554e-01,1.839939971635787819e+00
4.112235102040314172e-01,1.802581466917430708e+00
6.132755493412651582e-01,1.625272409490550629e+00
9.494744305926416938e-01,1.886727554425595699e+00
1.036219484852352934e+00,1.323019202022764462e+00
1.234989590965033690e+00,1.241619105366647435e+00
1.186619359413947583e+00,4.832211000652716359e-01
1.541835634831252966e+00,1.967415482486764566e-01
1.494518047616503198e+00,2.138277598628839649e-01
1.222191534297968118e+00,3.294099922063331021e-01
1.599195503105683480e+00,3.262523770884488694e-02
1.474343372320502610e+00,-8.690837722862865267e-02
1.167649321759065772e+00,-3.685271179888383042e-01
1.007685979198525539e+00,-2.545723975681422613e-01
1.588942888246444918e+00,-4.353402694921916227e-01
1.312079997074582671e+00,-5.036108406428636552e-01
1.128981408516808393e+00,-4.994486096973518308e-01
8.858823758081397770e-01,-2.361914556771238516e-01
1.129597368368637778e+00,-3.018497305092155969e-01
1.139874810697179885e+00,-6.908002500759208298e-01
9.613803487737805353e-01,-8.826319652202823107e-01
1.124118897467159872e+00,-5.769822557671087093e-01
7.468215319753982451e-01,-9.495566035218133694e-01
7.213802917346910926e-01,-9.194628839938170373e-01
7.911844334065558648e-01,-9.657459761525495345e-01
1.095887704669358476e+00,-6.244265201831187273e-01
5.249917682962611520e-01,-1.196050294585179197e+00
4.829838044656767915e-01,-1.381093981989532038e+00
6.134330084726963284e-01,-9.362497252444317297e-01
5.756493096582027125e-01,-1.327384483789916469e+00
3.186959633245862733e-01,-1.076441603808646841e+00
-7.224673181315423298e-02,-1.648604172588659100e+00
1.267846089789198827e-01,-1.621920021841081860e+00
-2.296589965454418902e-01,-1.798007137712610781e+00
-7.470011073663643808e-01,-1.638182090381710143e+00
-1.089605088979913816e+00,-1.651668378779997282e+00
-9.197010900880331352e-01,-1.768308274270056435e+00
-1.132712638509759007e+00,-1.393945686332903389e+00
-1.079441857779541047e+00,-8.698130525150769010e-01
-1.300676360760703698e+00,-8.990638862288565791e-01
-1.405242809572078144e+00,-5.371737839975261330e-01
-1.466821173085822494e+00,-7.289920088316137470e-02
-1.122894495409820559e+00,-4.906326159772589346e-01
-1.657465798848758887e+00,-1.617668202499353836e-01
-1.257298266044475143e+00,-2.708913930990367036e-02
-1.259721668547361562e+00,5.067174925846867906e-01
-1.189319551023506616e+00,8.510940253307805459e-02
-1.551403335400609151e+00,-1.909109274411131540e-01
-1.176926581765536550e+00,1.320293483813521074e-01
-1.226190248490945711e+00,4.645909764218678073e-01
-1.452964654485012774e+00,6.399894235764720385e-01
-1.351301786847302289e+00,3.646486731463340902e-01
-1.330417108455515862e+00,5.261822969570836284e-01
-1.173363842949677993e+00,1.005233969929401505e+00
-1.111993549208960541e+00,6.264450931057309324e-01
-9.781757999695434025e-01,8.087130939877943403e-01
-8.556791602206710312e-01,3.867575869512352438e-01
-7.459222281472680516e-01,8.217712162372857732e-01
-9.648760502739908151e-01,5.884353514070242985e-01
-7.566906746008493778e-01,9.220366817997078801e-01
-6.054800470035530680e-01,5.061732311467241896e-01
-5.854079033893688777e-01,1.284073017940693395e+00
-1.952115990122620381e-01,1.304175877046329424e+00
-2.088956371561430658e-01,1.740482213418149904e+00
-7.339507987557397639e-02,1.405394017563022402e+00
-1.147464065003503397e-03,1.522609062655776668e+00
4.174081309598031697e-01,1.324067589826093405e+00
2.036788791322835246e-01,2.119614603046754198e+00
4.717397195214975691e-01,1.637156889388265091e+00
7.767956439075321962e-01,1.629614796696335022e+00
1.037990607838061852e+00,1.341326119408248418e+00
1.423673299128900283e+00,1.029753297794586242e+00
1.220163687633305294e+00,9.748472269264571999e-01
1.366697206380860674e+00,6.351181975930483281e-01
1.367127587077502815e+00,3.617665644467769059e-01
1.655909203171408439e+00,1.354214467860630489e-01
1.595122891716252989e+00,-1.487180107370227322e-01
1.395491362904022203e+00,-1.486973765768906386e-01
1.579239294080264200e+00,-3.289940327253995100e-01
1.216232562310318288e+00,-3.098818807203968517e-01
1.319856866971765186e+00,-7.512904500742010327e-01
1.117219451857130563e+00,-1.513283095872445250e-01
1.198881384873102363e+00,-4.583483712205571603e-01
1.321235805466943525e+00,-3.353713435246638008e-01
1.509159816019889577e+00,-3.494538007046112948e-01
1.024136964048952603e+00,-4.972204274164715998e-01
1.214579491481821982e+00,-3.499979630055309321e-01
8.232575644881959809e-01,-4.452188776124475500e-01
1.297359903277276016e+00,-6.545917718666649510e-01
8.820251396146413514e-01,-8.508396867716909728e-01
5.983182633177992482e-01,-7.157458074648103130e-01
8.936189890699079985e-01,-8.381237606244537064e-01
8.759264437607880982e-01,-6.669259622360689255e-01
4.927737962750370349e-01,-7.843366169436789548e-01
4.424742500485165930e-01,-1.007426141590552549e+00
5.751127211466263711e-01,-6.494875587351853774e-01
-3.885044049828681456e-02,-1.330790655942671208e+00
3.389729884546092142e-01,-1.455722254944230132e+00
-1.271485094926780302e-01,-1.223842547701688988e+00
-2.165790899303260686e-01,-1.544781554295377335e+00
-4.426602089564035114e-01,-2.128809377212792064e+00
-6.679990463780368648e-01,-1.731314581590287283e+00
-7.126008419444315178e-01,-1.980353109483070417e+00
-5.133316051629851495e-01,-1.633911233585750855e+00
-1.278392933701629985e+00,-1.132732754581135648e+00
-1.019408038574695974e+00,-1.182875593830820860e+00
-1.162524777478423532e+00,-5.879239656137956738e-01
-1.260617378294496493e+00,-4.321873795198900581e-01
-1.740290933785462624e+00,-2.896605851667921061e-01
-1.410298634899455728e+00,-1.632138352952537674e-01
-1.468530968370447054e+00,2.263444660086626481e-01
-1.483148483731998368e+00,-1.553621460265761367e-01
-1.486221742608478946e+00,1.498349975411866764e-01
-1.364669223305663426e+00,6.780002844283977703e-02
-1.360623796626872162e+00,1.828991162655448088e-01
-1.104651847084081817e+00,3.577536246649614116e-01
-1.109509438103853940e+00,4.860523559180389697e-01
-1.431078737080505814e+00,4.546494049233523183e-01
-7.921028297328061019e-01,1.732340256994004957e-01
-8.851449562990360009e-01,5.486090132261600694e-01
-1.322021771824494873e+00,6.794168131864186666e-01
-7.606175405107593601e-01,5.919100750473687000e-01
-8.371285531656340595e-01,1.012671045922866941e+00
-9.521964016371052830e-01,1.063897344918672605e+00
-4.299296432541114266e-01,4.908402640852416732e-01
-6.545425152340939023e-01,8.360942717588705220e-01
-3.343055599358416563e-01,1.134450742997819894e+00
-1.962517171288130635e-01,6.678535812283581397e-01
-1.182926279016525140e-01,1.211441161080710760e+00
-6.454671499135362644e-01,1.482847226832777920e+00
-3.701157738106881645e-01,1.512740722257791992e+00
-1.224619932913853515e-01,1.465926036779560571e+00
2.419552971604597147e-01,1.613912423669710661e+00
3.533258092360069824e-02,1.844649967767623577e+00
2.782413836394403428e-01,1.967531815163183762e+00
4.446598536451814021e-01,1.873441248049889429e+00
9.474544513856657524e-01,2.121875985668852049e+00
6.482574669191061290e-01,1.545961208936129649e+00
9.171310651090940347e-01,1.268789857606025695e+00
1.247748782832453607e+00,9.977126277572360147e-01
1.622516760513566858e+00,4.738340677846939464e-01
1.377865317106502285e+00,4.710043585216496242e-01
1.293663921168151321e+00,1.757496020066030840e-01
1.569237085531849596e+00,-2.660266961750488157e-01
1.085848194552508028e+00,-1.233030568717612130e-01
1.546257309851805317e+00,-5.393927198468759787e-01
1.442217281058814304e+00,-3.723011075450773921e-01
1.277358203194065567e+00,-1.409988226076328011e-01
1.303082531775452857e+00,-5.583617078672530321e-01
1.232091615609763435e+00,-4.692857672610833419e-01
1.134486702227052168e+00,-2.194963340126249163e-01
1.012714509499446747e+00,-6.461594724409749357e-01
1.143429226040541868e+00,-3.927195967080265304e-01
1.012867026806446358e+00,-8.017900788396142842e-01
1.004030409369830901e+00,-1.087645328244131182e-01
1.034167089031443609e+00,-9.685190186321741557e-01
6.646804657059558474e-01,-6.654212737731930449e-01
8.923330676143876872e-01,-8.783132775533487591e-01
1.139831839087945387e+00,-6.953067584497969467e-01
6.896713229951009216e-01,-6.256791546337603371e-01
5.803771009793222690e-01,-1.356861006197108699e+00
3.511318916537558010e-01,-1.192823274764965413e+00
2.503176518062363298e-01,-1.159351583997937807e+00
3.315403017350638248e-01,-1.470166435116166515e+00
-9.878022875937990388e-02,-1.477227566514219825e+00
1.566399028115646186e-02,-1.502062115039638046e+00
-1.477412934098959740e-01,-1.527611645087809000e+00
-5.202603519770826468e-01,-1.621150924791731285e+00
-5.674301034530659926e-01,-1.832046680679956907e+00
-4.569648359276340943e-01,-1.838073937590605000e+00
-1.138656023756415170e+00,-1.277156240667333797e+00
-1.137338220488770313e+00,-1.057137082552215501e+00
-1.160103837290638484e+00,-1.299884711069465126e+00
-1.262459169609012610e+00,-5.097133316010034054e-01
-1.382667180805621010e+00,-2.412351916242035377e-01
-1.155126851219951734e+00,1.408304673104379123e-01
-1.241987748082622245e+00,-1.620767404343649021e-01
-1.368509748457459763e+00,-1.735545914728969796e-02
-1.468144899904768375e+00,1.179757944323850116e-01
-1.361834508647260744e+00,3.235733639370911296e-01
-9.036334247329216307e-01,3.802565430828531712e-01
-9.284660487352811575e-01,3.702207393232517241e-01
-1.092116035636836235e+00,3.382610146057857814e-01
-1.195689033127663059e+00,2.993805923922735479e-01
-1.018337492739888939e+00,3.190878446726002071e-01
-1.167094241480915340e+00,5.515578161142097313e-01
-9.680045748125289951e-01,6.466867481846044763e-01
-1.093595841010406078e+00,3.068549990639607983e-01
-1.390776884305371386e+00,4.409835474247730813e-01
-1.005720980655908869e+00,5.272149459359387613e-01
-9.733723195554374596e-01,8.106099007593335903e-01
-7.850222407045865936e-01,7.518294186421600189e-01
-8.057372508619188300e-01,1.176274538562465999e+00
-6.144754714036542165e-01,4.622076714227685290e-01
-6.165689822322764080e-01,7.631739007818401088e-01
-6.327939576211114581e-01,1.233417511346968976e+00
2.443801275562402231e-01,1.027392247446756945e+00
-1.815361324070703664e-01,1.254901320205477289e+00
-3.817119146759605508e-01,1.791517949509608965e+00
2.496667159915053058e-02,1.859445113001442440e+00
6.559229491133773404e-01,1.795031352405124014e+00
3.663968813560418702e-01,1.314083227702659062e+00
8.943740758776494992e-01,2.241583810367083984e+00
8.463129834047897759e-01,1.736835193171536229e+00
1.010800154594346578e+00,1.253467255245803047e+00
1.517432256191802775e+00,1.085885468172282486e+00
1.301818609521765868e+00,7.535949958405836480e-01
1.382134709041596521e+00,1.200079396412739308e-01
1.355810346563803392e+00,5.560140569875490213e-01
1.560988348636415779e+00,-7.604612648982428391e-02
1.437621676601357423e+00,1.578968013794700420e-01
1.450989766918626245e+00,3.086839750033499308e-01
1.428719588022686171e+00,-2.137510966531017687e-01
1.116401677705380902e+00,-6.523251683153954428e-01
1.504564294682511072e+00,-4.418732367996403565e-01
1.107589607519477104e+00,-2.878886072249949857e-01
1.096048683517676370e+00,-2.936523509322834236e-01
1.222026027349925492e+00,-5.922200539577144873e-01
1.177081975083740017e+00,-7.947799735476401839e-01
1.161953406078381379e+00,-6.357305313733366825e-01
1.011638326733880211e+00,-3.222403000949050078e-01
9.664575867376438145e-01,-7.395615038107803407e-01
1.094553414200815977e+00,-6.621053783716636110e-01
1.070220204420157639e+00,-8.526110005298925820e-01
6.968757588503672329e-01,-9.579140009672324485e-01
4.127029525395326526e-01,-7.961204323918420478e-01
4.654145235650399837e-01,-1.055679024705136859e+00
5.224845078856159564e-01,-1.211030250379788731e+00
3.739447506707908042e-01,-1.210994081674084732e+00
6.411784934888669074e-01,-1.396498827314187174e+00
-1.280430747257278734e-01,-1.478612442020140083e+00
3.052750742200425332e-02,-1.692761972024737771e+00
-2.705581531587785138e-01,-1.920650816627731849e+00
-5.022842945921992541e-01,-1.723383964113943234e+00
-3.388228904465697688e-01,-1.783426694059144557e+00
-5.098763282023053289e-01,-1.860369042048577670e+00
-7.523420888952216945e-01,-1.631094386263488794e+00
-1.045519514504943626e+00,-1.958412844123396557e+00
-1.206249252170496167e+00,-9.743385600343412722e-01
-1.433535655648383367e+00,-4.664789771102772487e-01
-1.174673677182979548e+00,-2.259627025357622276e-01
-1.027291587161792918e+00,-7.015177755044241792e-01
-1.206489755500915084e+00,-3.946604178389208351e-02
-1.162676323003567713e+00,2.503581443866260137e-01
-1.502658924803826679e+00,-3.622318294592352661e-02
-1.566529932150597659e+00,2.733241789751025275e-01
-1.526815355954991960e+00,1.086312084494087948e-01
-1.430431396415860146e+00,4.123985953831144635e-01
-1.431324473967270805e+00,5.965135548580320357e-01
-1.386709021889783955e+00,6.953439678955346537e-01
-1.390686290967888983e+00,4.143955978038049714e-01
-1.118662852703852462e+00,2.940383784463023176e-01
-1.235618783102490514e+00,5.691758009459432222e-01
-1.128042765800700620e+00,4.414564312320288231e-01
-1.060617492879712520e+00,6.297962715550113888e-01
-1.083553779389943905e+00,9.686312921402735476e-01
-1.226259970989062920e+00,6.921271000141122620e-01
-8.079655524899250763e-01,6.685319983619745221e-01
-9.811881442126805242e-01,9.279295533776559246e-01
-9.509938873934993264e-01,9.831298310903061610e-01
-5.448982883626998230e-01,8.583175616005943587e-01
-6.782350682001616615e-01,9.238314231295698953e-01
-7.800259121468260393e-01,1.309551915314124626e+00
-1.567266628459683120e-01,1.422651534824385999e+00
-2.850520593885080278e-01,1.347635340799691273e+00
2.286975473788396829e-01,1.664104850893407095e+00
4.988197219572322316e-01,1.838185150148018865e+00
5.268830424988181216e-01,1.873646324688632792e+00
9.269801940723068068e-01,1.763789899377831816e+00
6.992543752985852512e-01,1.766866379479949956e+00
9.878425960614584111e-01,1.505990176975994244e+00
1.312692449683581675e+00,1.336976708391224067e+00
1.145724175407669243e+00,1.361863744494760997e+00
1.209989789855698827e+00,7.351154186679735858e-01
1.201602593442336442e+00,2.432314003982146700e-01
1.326066218917215878e+00,5.135909939454930129e-01
1.423755969989004333e+00,2.141151020621486975e-02
1.106934720850297316e+00,-8.737472156073436413e-02
1.170935919024276517e+00,-3.545707570309815093e-01
1.440530729070626403e+00,-3.787599493327707956e-01
1.623416857382765199e+00,-7.708465273566400544e-02
1.322129180266320647e+00,-3.628088385512042713e-01
1.209436887438384289e+00,-3.487608123742082511e-01
1.296690794193465557e+00,-4.976384860037988411e-01
9.236288347607940485e-01,-4.276177861187310247e-01
1.142405973472694791e+00,-6.464180708316822344e-01
1.043368684977900473e+00,-7.092753395042459275e-01
1.118429910417195527e+00,-5.516751236297423588e-01
9.746000699234103060e-01,-4.793763768229961642e-01
1.311321056660839535e+00,-6.628257130906531902e-01
9.210956899822113630e-01,-5.065283666146817021e-01
7.094113702658810805e-01,-6.055216816702784222e-01
8.970800352565362346e-01,-8.537338361575981249e-01
1.124882109803978514e+00,-1.288842794901264632e+00
3.033473460282202216e-01,-1.269534386760212907e+00
5.785285599930667377e-01,-1.093730498349594793e+00
7.773518982339613914e-02,-1.118776206971587861e+00
3.426024645332866048e-02,-8.959036381017231321e-01
-1.579642468771124131e-01,-1.354826851407070709e+00
-4.231488421032990610e-01,-1.607957155383248127e+00
-4.892453247108762282e-01,-2.085904075704599681e+00
-9.947299113626881795e-01,-1.925292905203942251e+00
-5.732319589325549636e-01,-1.801713308759058885e+00
-1.226030646863876639e+00,-1.352585006037464233e+00
-1.008333376221913324e+00,-1.205243095567485323e+00
-1.123990260552608422e+00,-5.298746176876104608e-01
-1.264653824817454808e+00,-8.748108054172838433e-01
-1.141625108084731721e+00,-8.684869271211717034e-01
-1.331179752613502520e+00,-2.802520209961980591e-01
-1.143501243125076616e+00,-2.192320950343642355e-02
-1.547387155155584892e+00,1.251952579816817401e-01
-1.643121191307310269e+00,5.617425257860371168e-01
-1.404383875771999524e+00,4.010957417184276008e-01
-1.454918785511779555e+00,4.060741902410270887e-01
-1.311556591912361291e+00,7.477122258139896616e-01
-1.550855750795453458e+00,3.174105277779687984e-01
-1.316416717179142104e+00,1.878191529036560004e-01
-1.195149257941337861e+00,6.371042970071594258e-01
-1.266573657924656926e+00,4.961973667435335411e-01
-9.784349573014994306e-01,6.423495399090181079e-01
-1.117721807201950135e+00,8.607374592010580416e-02
-1.044542576130365052e+00,1.022237721514023701e+00
-1.079832211128370245e+00,4.425500797622128335e-01
-7.832474481607856198e-01,7.051925269806458285e-01
-8.879823728434266261e-01,7.591064577125249402e-01
-7.038014611247944696e-01,9.045655218129731168e-01
-4.954364112000757547e-01,6.926442288871378361e-01
-3.490153744309698602e-01,9.577478852070377968e-01
-5.101969467734472907e-01,1.318526373802239693e+00
-2.707770366329114164e-01,1.161549756269465439e+00
-1.874153888612130059e-01,1.478624416880065073e+00
4.672185335777909176e-02,1.657815461088577580e+00
-1.951460356046588462e-01,1.896278610963866740e+00
3.270863676145804866e-01,1.905038096678900006e+00
8.071085073635655416e-01,2.135893022921761641e+00
4.392030397877219605e-01,2.041161179394301861e+00
9.449173937129585754e-01,1.906106065492827240e+00
7.349979412501719267e-01,1.255669509730491518e+00
1.232290601475790837e+00,9.597494089592450983e-01
1.201253931192604263e+00,1.093341825076591611e+00
1.790637338411517288e+00,4.753841599526401063e-01
1.573876065880553288e+00,3.019398472942330658e-01
1.588360630615630598e+00,1.846875715772688942e-01
1.153143652527867991e+00,1.946276973834926149e-01
1.217558937810759856e+00,-4.278124460079013591e-01
1.608107263572422063e+00,-3.126440070980366359e-01
1.509336478678882099e+00,-1.959150175072454925e-01
1.115546807862753731e+00,-6.718832622366296414e-01
1.622511610513257541e+00,-2.523689143263073698e-01
1.523345589130913114e+00,-4.619110399270915379e-01
1.434842976341335952e+00,-1.161141339811131434e-01
1.088899351211798150e+00,-5.445497755899176839e-01
1.106659032334353698e+00,-5.314497396076860447e-01
5.019867189333719892e-01,-7.493659378518957581e-01
1.032376648982771927e+00,-5.389672038192624415e-01
9.657849185817372062e-01,-7.009546797155894460e-01
4.413955497538895045e-01,-6.647500614599930469e-01
8.191937356219402000e-01,-9.267211355845914600e-01
7.693650263430859004e-01,-7.586170771706446381e-01
5.060577604565101861e-01,-9.099893616472426450e-01
6.888418777010385519e-01,-9.147200980570532325e-01
2.328518064991305925e-01,-7.626703625198809622e-01
5.380402229849620133e-01,-1.358307393044592803e+00
3.598802682392360230e-02,-1.456417858583746616e+00
1.564944657325791355e-01,-1.341366574844985005e+00
1.911668587426113008e-03,-1.484707276519911634e+00
-5.425827425653932945e-01,-1.873865193354537384e+00
-8.490900255427338283e-01,-1.683594939872569807e+00
-4.500767604245077269e-01,-1.640783376296165441e+00
-9.151854995914771029e-01,-1.691810491362508051e+00
-9.239275580971082480e-01,-1.240516311366911761e+00
-1.523653685142680736e+00,-1.097116259215329181e+00
-1.316899954659036309e+00,-9.863245878871820249e-01
-1.198865277522690675e+00,-5.187463170315326222e-01
-1.541677020467434600e+00,-2.373619919468526462e-01
-1.314091635727330232e+00,1.950576861117725158e-01
-1.350385713022584477e+00,1.774406804973986396e-01
-1.688485944355540003e+00,4.464067648384358045e-02
-1.568301727059397743e+00,2.104740238015936904e-01
-1.006789003919616565e+00,-6.009696740833747608e-02
-1.378820147901747672e+00,3.263091435744630009e-01
-1.382362590495546106e+00,6.542550234371292683e-01
-1.017371952234741750e+00,6.153298723495332911e-01
-1.259157989100468278e+00,4.249168675651223137e-01
-1.047284142357990833e+00,5.067728047022361793e-01
-1.266180281941278185e+00,6.600312478057843713e-01
-1.471547129618719030e+00,7.598770133041765629e-01
-6.466757669474904047e-01,6.545334674116887186e-01
-7.571421007182869145e-01,6.184521433895162623e-01
-1.075064175493994911e+00,9.407372387279087089e-01
-9.736711979794203664e-01,1.167214451599850822e+00
-7.927951960619397109e-01,7.986387403255470474e-01
-6.385144667886775149e-01,9.397601606437826494e-01
-6.652848787134009179e-01,8.759003584521973806e-01
-2.081429809460743630e-01,7.531907889837814452e-01
-4.773807044178304260e-01,9.758584998752377615e-01
-2.403088491059381937e-01,1.296535427898589665e+00
-1.248445001580107683e-01,1.485292217012271321e+00
2.578409203708211250e-01,1.737406533564264777e+00
1.984377085668437846e-01,1.765710143318997893e+00
2.365196117021883260e-01,2.091894290687263958e+00
6.325058284637080641e-01,1.377640465309269313e+00
7.112908058625739827e-01,1.619667068130299592e+00
1.150694565809298187e+00,1.501630145434054153e+00
9.666159990605583952e-01,1.242499781306487527e+00
8.694299503117853822e-01,7.253683749163608585e-01
1.412809555302978248e+00,5.367507525771243460e-01
1.595414810424475416e+00,2.076381232445979330e-01
1.404569001924903970e+00,1.249218643335697349e-01
1.172708068654698677e+00,4.987161277063464210e-02
1.268176966620814472e+00,-1.038656197307391560e-01
1.469686390504087115e+00,-3.763501286063170581e-01
1.852140197096735497e+00,-3.861511825341502058e-01
1.486952549458227857e+00,-3.384708763319000946e-01
1.313117477165648639e+00,-3.320325911394244045e-01
1.113485008966049294e+00,-4.129696824681913792e-01
1.219213175130712479e+00,-4.046258123919917460e-01
1.092660704247385706e+00,-4.769454952081497723e-01
8.641597226810096011e-01,-5.607508710163287002e-01
9.496734463497277234e-01,-5.279574672823770243e-01
1.088227969991376165e+00,-5.704605957268734651e-01
1.306749720034428908e+00,-8.831058119523805816e-01
1.128259056441053287e+00,-5.595042621414183515e-01
8.225965758502375991e-01,-1.087221469460933232e+00
8.394285518225226284e-01,-8.423060498183181366e-01
7.148844234501579020e-01,-1.118949186897556514e+00
4.643587549880280330e-01,-9.372948500632762858e-01
7.603024067985814094e-01,-1.094289766969543720e+00
-2.648370368958208321e-03,-1.061280821107418282e+00
5.600459593974598249e-01,-1.302196952753094106e+00
-1.937828983953127082e-02,-1.318204255715045070e+00
-2.975353542891441272e-01,-1.503333325589490732e+00
-2.075903990814160771e-01,-1.731259326321501479e+00
-3.926002896653116858e-01,-1.936558314510896883e+00
-6.383205292432100331e-01,-2.014171013149351097e+00
-6.679120557337391295e-01,-1.822473749697291590e+00
-9.957797844999044523e-01,-1.587228166599040646e+00
-9.614138846786171033e-01,-1.089046821790577102e+00
-1.004862127768693547e+00,-1.129028935229738462e+00
-1.490765103454232410e+00,-7.466492651004430492e-01
-1.582629534370031621e+00,-3.700536181896018073e-01
-1.445441913832592462e+00,-1.585617415864110091e-02
-1.616251938341720651e+00,-8.273732011989547164e-02
-1.357335220354278338e+00,-5.837339788335153823e-02
-1.107903747716104448e+00,7.348896732147726096e-01
-1.158504149033380948e+00,8.455312460218442072e-02
-1.555419397516033309e+00,2.426747212286255451e-01
-1.337006048355443344e+00,2.593572103597383549e-01
-1.533882398236189770e+00,4.936147319565750147e-01
-1.324072054121907538e+00,4.858946844922308883e-01
-6.911600008893754588e-01,8.311373488866380388e-02
-1.147826498829585873e+00,5.014950155063706561e-01
-1.082503429897498703e+00,5.101733787309482571e-01
-9.823809873534903314e-01,3.307897719853554186e-01
-9.732899022459328142e-01,4.931584344936026376e-01
-1.127025384211749914e+00,5.713300724623381344e-01
-1.211629033255817056e+00,1.698023787378886151e-01
-7.310141729934650501e-01,6.490114897229610769e-01
-6.513015957390360100e-01,9.620148615284327409e-01
-3.358258640606016643e-01,1.026193050432489429e+00
-3.780448873362307616e-01,9.735177565112800302e-01
-1.426979094761375300e-01,9.130167607908274974e-01
-3.792440343562564764e-01,9.328378211929864161e-01
-1.003440247990895900e-01,1.226962443498808453e+00
4.883674221490858641e-02,1.539527522839142515e+00
5.346777528650048517e-01,1.448268748751764479e+00
3.194922147346538344e-01,1.737685610800405289e+00
7.513126193921652041e-01,1.799114894493486272e+00
4.074039263904588037e-01,1.524176175546808398e+00
8.535186906450249467e-01,2.002051793457129580e+00
9.823365669755314000e-01,1.686982629874266282e+00
1.135024816202049980e+00,1.078276529108624926e+00
1.500990497455535477e+00,4.560712461786031735e-01
1.223846408961566379e+00,6.215425988953902081e-01
1.181671763702093259e+00,3.894661649451115482e-01
1.585697329156747992e+00,9.085568712865760288e-02
1.337932709561583389e+00,-1.104227995255078892e-01
1.260489169676283217e+00,-1.661725249507825797e-01
1.291437977551009419e+00,-2.688983709228950914e-01
1.871187411506394671e+00,-4.536650756288184150e-01
1.363251912267090971e+00,-3.130270458014431378e-01
1.684344758972553091e+00,-5.778915035519317511e-01
1.233460062708120031e+00,-5.589911063618684395e-01
1.248524452646650573e+00,-2.480473355256447854e-01
1.002209413390118709e+00,-5.276574954528056027e-01
1.270328679495901891e+00,-5.155461499352969046e-01
1.060167033831767913e+00,-7.077755223086533709e-01
1.294273647088131973e+00,-6.729235733942122710e-01
8.749893055767024030e-01,-6.884785042150123324e-01
1.060447024980500474e+00,-4.425969267907106097e-01
7.591266624372515759e-01,-7.282655627213160399e-01
8.214021354962757204e-01,-7.525830599229056395e-01
7.944860216202837000e-01,-6.442207914129233215e-01
4.193298845163113686e-01,-9.937364842516489549e-01
4.369505711024674333e-01,-1.145471798274643183e+00
-1.121611071198260756e-01,-1.321470686887819657e+00
5.258932486346756807e-02,-1.244397147230809297e+00
1.656256705426163989e-01,-1.376605599578609285e+00
-1.780673402380358178e-02,-1.770301491769215474e+00
-5.319373207478506060e-01,-1.568719048872873723e+00
-7.133409200518975313e-01,-1.441723045918602342e+00
-5.452682939801194451e-01,-1.844386743231807291e+00
-7.100357024279767559e-01,-1.889473691861844218e+00
-8.148512131802740921e-01,-1.637567406834670392e+00
-1.274520005544550472e+00,-1.241391337165602238e+00
-6.790413312855040351e-01,-1.226825417194972401e+00
-1.353392541632967738e+00,-4.174290317511568649e-01
-1.460258216708988810e+00,-1.344431089882823227e-01
-1.173848732367256398e+00,-1.814643755548778770e-01
-1.435011497024858862e+00,1.717496007277923009e-01
-1.550775212943175108e+00,2.605173024895282019e-01
-1.099131633477104408e+00,4.467346273838293524e-01
-1.155456459177276241e+00,7.388615790331923283e-02
-1.190218498073973397e+00,3.091486896745433421e-01
-1.502588891089730039e+00,3.384405131541865508e-01
-1.539116211943667434e+00,3.678264361544535954e-01
-1.234798278410726535e+00,5.449912710066221466e-01
-9.515790169794299258e-01,1.893686830523839126e-01
-1.381453939889143889e+00,9.279275741244241704e-02
-8.961777994231856503e-01,3.985346328129650839e-01
-1.120727888036499920e+00,5.635382838068605516e-01
-9.498843452031738854e-01,7.494638310098372669e-01
-1.317338440733778926e+00,6.183485762829634691e-01
-1.063311173523560971e+00,1.047684834221547234e+00
-6.365350604882434871e-01,8.390369000444147796e-01
-2.279605628928503269e-01,8.083043753025823674e-01
-3.952700834109513783e-01,6.257348390339813049e-01
-4.376446308712895750e-01,1.466901234923631003e+00
-2.715780982744884220e-01,9.709745483655993770e-01
-4.477911123653487424e-01,9.322423993823050203e-01
-3.208158003785430146e-02,1.559915722158317752e+00
5.109925085127751260e-02,1.375524932239416742e+00
2.355202297747481244e-01,1.546968709909933404e+00
6.063491438378406651e-01,1.721965043131026052e+00
3.700018787015116883e-01,1.755108650917408752e+00
8.098005369438193712e-01,1.583397003766764399e+00
1.042538037308767596e+00,1.625081338453043589e+00
1.081669404521748312e+00,1.398208128913210668e+00
1.645164625739940600e+00,1.072246183678537079e+00
1.455736728815603565e+00,1.269874885842975143e+00
1.434874438381463557e+00,8.553664675929978367e-01
1.405493971616617044e+00,4.055434724697170035e-01
1.283364994577023355e+00,-1.605449676045596630e-01
1.206453036104215171e+00,-8.017855962360037614e-02
1.444613213939375029e+00,-3.999678248408976566e-01
1.090287152072549670e+00,-6.273871115795841558e-01
1.763183459032275469e+00,-2.883140790580059898e-01
8.755122486251492031e-01,-3.577938426246709547e-01
1.235214755739957537e+00,-6.702201543186399046e-01
1.457784320128608258e+00,-5.208156364950594641e-01
1.189691678160370580e+00,-5.187506246297122203e-01
1.142992117483258685e+00,-2.906094527411459127e-01
1.203863450180951533e+00,-6.177719481928167777e-01
1.343407568085425829e+00,-2.548820014831074676e-01
6.775341959523053514e-01,-8.247466911362765218e-01
7.856931046393069717e-01,-3.403058902258323526e-01
8.045002166693768775e-01,-8.090537423428120212e-01
7.620685332304505399e-01,-7.961684366536546653e-01
6.593884533822578220e-01,-1.030937343993344690e+00
4.465680588538839535e-01,-9.470037703053291178e-01
7.878379526095844465e-01,-7.252253875208061196e-01
5.912975281382859549e-01,-1.014740452904131063e+00
-2.288246178598482561e-01,-8.518459960733688607e-01
3.896773968262561283e-01,-1.418068462100803062e+00
-1.053637295380320249e-01,-1.455092799732325748e+00
-1.235277083617103977e-01,-1.780472384879786540e+00
-4.732248718662568354e-03,-1.904389681005195900e+00
-4.356325011202192288e-01,-2.097184389407780625e+00
-7.231152040741802844e-01,-1.638461432306957954e+00
-8.444048344923739124e-01,-1.859221444117965083e+00
-1.406344086553343642e+00,-1.584834089683772040e+00
-1.224551786273520904e+00,-1.066017138609597792e+00
-9.939251743082564428e-01,-1.126776830429167653e+00
-1.170580972676334319e+00,-7.695501793582767425e-01
-1.145204670706762240e+00,-4.056238274346772865e-01
-1.284823151436455868e+00,1.927245694563020639e-01
-1.740674595256140877e+00,6.329709835164450127e-02
-1.075085126437458571e+00,3.011937255196147079e-01
-9.383697830604993406e-01,1.287484740547093776e-01
-1.128304568909666683e+00,4.343224524262222497e-01
-1.303463336050366017e+00,1.374616115190071541e-01
-1.232596556180095781e+00,7.674247639078827232e-01
-9.873307787332294971e-01,5.139838366005460291e-01
-1.292638542816506808e+00,1.677758027853573641e-01
-1.186962464722226107e+00,2.996492247974135714e-01
-1.168398998028864488e+00,7.347833887595761615e-01
-7.988610794591166631e-01,7.663840246036380810e-01
-8.781564951503999517e-01,4.807084496876891100e-01
-8.382908960942943022e-01,2.832330137130839032e-01
-6.399289725685127772e-01,4.560492069689076056e-01
-5.234902901155435995e-01,6.033911982282109676e-01
-2.674428560821854872e-01,7.399557967653587198e-01
-6.541870466776055215e-01,1.018106649561915322e+00
-8.085091817597094277e-01,9.945216513142122183e-01
-6.410569816870739235e-01,1.185630688877190808e+00
-2.291741611603773099e-01,1.210458299454809428e+00
4.134510504649885343e-02,1.325797547068149118e+00
-5.077282192560481633e-01,1.291566167433616519e+00
-1.086704776561661506e-01,1.725663508656305245e+00
2.095264379594763693e-01,1.604374744213649340e+00
2.664459473640082288e-01,1.766767370024939110e+00
6.995097473133100596e-01,2.042006330436311412e+00
8.064984543504829517e-01,1.699425621949766096e+00
9.772490812216114708e-01,1.353969472703385968e+00
1.024056360784461273e+00,1.597590917280493406e+00
1.445247777991434779e+00,1.431765282720756094e+00
1.166632773206833118e+00,1.186113524496361649e+00
1.264488967359741256e+00,2.605935540597175692e-01
1.453115501948301524e+00,2.706802479710097575e-01
1.441239099212761721e+00,-8.899713341769546759e-03
1.809085226689217674e+00,-3.557065093923235111e-01
1.161146263665897127e+00,-1.642380809186090029e-01
1.336852695058363460e+00,-2.647670407420949501e-01
1.789741730864947922e+00,6.469699866249345455e-03
1.419906644301597520e+00,-5.240635377227509384e-01
1.303386227041451573e+00,-7.561991099448852616e-01
1.040198817699265366e+00,-2.914762669736302714e-01
9.763937016541193170e-01,-5.964909866543079975e-01
1.160225566640571637e+00,-1.093638549565275175e+00
1.105687539277576237e+00,-4.774112487925753490e-01
1.120982161292567225e+00,-2.402211903109266466e-01
8.445667157451208773e-01,-6.583765940292182206e-01
7.267521964136539614e-01,-7.868622769394645333e-01
6.707385624927245660e-01,-8.584076345567905886e-01
3.487115672275827860e-01,-1.002649660418152511e+00
8.192960186181532656e-01,-9.117832252688625738e-01
4.734110411944925101e-01,-1.011807058011702232e+00
5.375384845334908457e-01,-1.284982484559530125e+00
5.496004071658000534e-01,-1.545638357215108671e+00
4.518858231821131777e-01,-1.170894560903651849e+00
-2.960659780036984379e-01,-1.380266112954126489e+00
4.849456873207697721e-02,-1.786710253847054952e+00
-2.068382671421947205e-01,-1.997042065273783251e+00
-1.957922161441053854e-01,-1.670542293974041304e+00
-5.568484381610915301e-01,-2.377707209157095658e+00
-7.515312267494456133e-01,-1.862789829305293354e+00
-1.050051366343873305e+00,-1.962647098954655611e+00
-1.238798060923306021e+00,-1.510044336073983917e+00
-1.217013651366788851e+00,-9.600268660837040224e-01
-1.163052092343561661e+00,-7.251617684107338757e-01
-1.555877139904935813e+00,-4.347757865022846557e-01
-1.253788504965462902e+00,-9.989325702299883813e-02
-1.207609042416997180e+00,-5.207229616684597717e-01
-1.686439712542625813e+00,2.137477108499485912e-04
-1.227792124826242892e+00,3.471586824047598885e-01
-1.488169343062213379e+00,6.689604695749211682e-01
-1.706732034767828088e+00,2.449542518369901556e-01
-1.162381413469224745e+00,2.627778180939139285e-01
-1.450843536886680996e+00,6.366676992419976200e-01
-1.247850469859515643e+00,4.710691532712651397e-01
-9.368268018881028558e-01,3.012127592725157843e-01
-1.088629140242881377e+00,4.102862215248682665e-01
-1.317723709200572024e+00,7.403408078474431608e-01
-9.156510983693649797e-01,6.193077385840449756e-01
-9.486051207264043494e-01,8.827431933348766080e-01
-1.418716607296874210e+00,5.876542914857463273e-01
-1.126340633611029096e+00,7.434179359384073260e-01
-5.182865946659670486e-01,5.817736942020297342e-01
-3.791112404833625327e-01,8.920844688732892935e-01
-4.423070570381478217e-01,1.056878953326795267e+00
-4.254728989538362205e-01,7.982993747672249008e-01
-5.455713138148998720e-01,1.084141814273303694e+00
-3.797267534175639003e-01,1.324799388959254642e+00
-6.108206624653205186e-01,1.417596344278090781e+00
-3.431416231134770678e-02,1.449511650759131909e+00
1.235595433675847343e-01,1.207956881871278476e+00
4.533969255404992627e-01,1.782452872270491762e+00
9.876394609158749560e-01,1.999929809340423859e+00
7.261409715556286226e-01,1.632101455019076219e+00
6.862668929538981999e-01,1.542492996753101808e+00
1.410793583644388116e+00,1.334957733927286228e+00
8.572603049300226985e-01,1.378115633390263772e+00
1.439401312185709880e+00,8.440928947769238411e-01
1.523896114542228952e+00,6.139902619640648096e-01
1.123954258287310548e+00,7.257048579421006007e-01
9.558599807741809951e-01,3.738538073384123361e-02
1.695118896503624129e+00,3.512095912796411867e-01
1.206796679259788396e+00,-1.538003817897383163e-01
1.174734635339843347e+00,6.374628525055137107e-02
1.401948064077180423e+00,-3.656071958851031534e-01
1.424701994432010732e+00,-6.530292523728504772e-01
1.025901503826573524e+00,-3.306954600752973761e-01
1.495236934381920513e+00,-4.697446502997923989e-01
1.262068104764530574e+00,-6.594195799966847682e-01
1.499698892605241918e+00,-3.159895278824080278e-01
1.363540104100360084e+00,-1.834326633168690268e-01
9.957440625717971505e-01,-6.243364780336206898e-01
5.795071314940182239e-01,-6.796663305445469483e-01
1.059185141438483413e+00,-4.163784769792257534e-01
9.145967528117681100e-01,-7.040149248243672275e-01
9.862811831810321950e-01,-6.532164560250796059e-01
5.866343501245727676e-01,-8.277887187917523093e-01
6.832324257654414090e-01,-1.091838429957471268e+00
-1.415203504123141443e-02,-8.066746959458518385e-01
2.401048722799586643e-01,-8.759636623338864503e-01
4.572790254777363006e-01,-1.200080592012006120e+00
5.668954737216257422e-01,-1.171392706257212923e+00
-6.952191030311111186e-03,-1.127927685140752256e+00
-3.069998857246510893e-01,-2.108371293681186032e+00
-3.282332958297006220e-01,-1.552165348743925311e+00
-3.490792845006250866e-01,-1.895394804503251818e+00
-4.827231255942690535e-01,-2.021008173080803605e+00
-1.043324582280398038e+00,-1.895103935874808299e+00
-1.122660447419578489e+00,-1.791116662231499568e+00
-1.153033760864988988e+00,-1.048044258189681610e+00
-1.297209467416884587e+00,-1.154336413696967600e+00
-1.422177994174336657e+00,-6.981827245003855431e-01
-1.254342950929931977e+00,-2.254115902042665154e-01
-1.039252328971393968e+00,-2.781873376525973995e-01
-1.298934055736245874e+00,-3.942171676788521623e-02
-1.594734473652744677e+00,1.193830555198035076e-01
-1.819208647013470292e+00,1.299197538382964590e-01
-1.370768970415955801e+00,2.201668282273696042e-01
-1.470153319855536100e+00,4.234634385073524077e-01
-1.392789859176311484e+00,1.991615693405720255e-01
-1.250588549472182009e+00,3.389859110850890200e-01
-1.021315114847321404e+00,5.316257165371274240e-01
-9.377780101680157632e-01,3.020810449568046563e-01
-1.217656788815255853e+00,4.736588907870092902e-01
-9.826842473432437775e-01,8.639938479812867556e-01
-1.483587079084149885e+00,3.829389271094756353e-01
-8.015317824865173524e-01,6.603369834453884923e-01
-1.249353022274822811e+00,4.003127584135304784e-01
-1.042629925428140369e+00,6.074587202025333310e-01
-8.339761796517021208e-01,8.972835213277664534e-01
-3.608150151807647532e-01,9.018103392830369991e-01
-5.644544212074584788e-01,8.348213887646811493e-01
-6.091420867086101421e-01,9.899354512442912757e-01
-4.339427288814536321e-01,1.377164521119267793e+00
5.619227352643940687e-02,1.043272295326014731e+00
-5.196130336197626320e-01,1.220156563099953129e+00
-3.564839656041768889e-01,1.732140931767258030e+00
3.665243067973230073e-01,1.857440964486045898e+00
5.330984054462717392e-01,1.947546956579710775e+00
8.274923014977502156e-01,1.901143657171216361e+00
8.305712780871042922e-01,1.775165817712863969e+00
1.074483349029629498e+00,1.176604812715466242e+00
1.228125072079677027e+00,1.548719219308135608e+00
1.564821686417861235e+00,7.956069741739226764e-01
1.332050057272877508e+00,7.092459758287295024e-01
1.051048855822368733e+00,7.078228282244958258e-01
1.476902507312138679e+00,3.747795620598594057e-01
1.034474488302540962e+00,-1.732184203281922907e-01
1.295371930020591700e+00,-1.825417222913175708e-01
9.613637199849069948e-01,-3.435690531613160292e-01
1.329625369440760707e+00,-3.365716182233479126e-01
1.392603240990127667e+00,-3.851819849496613823e-01
1.031188087843818213e+00,-3.787894974530043868e-01
1.336987838207390977e+00,-4.769970670873273089e-01
1.251811429781793050e+00,1.562941693753754913e-01
1.502505186810880744e+00,-5.344289932717961600e-01
9.249431111723203092e-01,-4.704889123442569376e-01
1.049230925332709008e+00,-5.830703345612066046e-01
1.186000422941082544e+00,-5.519419132998950595e-01
1.083701074361926420e+00,-5.760850647479708320e-01
1.445382768311741728e+00,-9.727928102473522021e-01
1.138579567708567719e+00,-1.177058595637785698e+00
9.445657788971872915e-01,-9.744978245806306116e-01
7.189775365479604829e-01,-4.544829536883138732e-01
6.758909233470443700e-01,-7.236286587509529467e-01
7.478093309463129668e-01,-9.976138209144254088e-01
2.474391102576498913e-01,-1.069117344797958946e+00
3.688681518459924202e-01,-1.144317989904019894e+00
4.621996585668789459e-01,-1.504110014560918085e+00
2.041428430348276035e-01,-1.764611479400921112e+00
2.716433708414270898e-01,-1.611067533179070477e+00
-5.474026024783580358e-01,-1.840852776553176362e+00
-6.523380950001177458e-01,-2.377485227695989689e+00
-9.261680043369431292e-01,-1.654571106432138006e+00
-1.118496362471953720e+00,-1.588097102476566214e+00
-8.758252215148277786e-01,-1.302391998330168166e+00
-1.119586242934033748e+00,-1.369951391059948120e+00
-1.478538700915301263e+00,-8.482256416444969860e-01
-1.078442027148501792e+00,-3.784856130552809450e-01
-1.584455371380002031e+00,-5.716733425120013035e-01
-1.408779890476065777e+00,-1.764878428933353005e-02
-1.254947700978693792e+00,1.444753106699914885e-02
-1.411587125093428430e+00,-1.172130056939466314e-01
-1.029998823156581311e+00,2.147485512952455322e-01
-1.125207865496828941e+00,2.575340427498654661e-01
-1.207489375616364047e+00,3.849127495876321636e-01
-1.117076411901133826e+00,2.653510913461554765e-01
-1.194271248412316799e+00,3.705064538927111961e-01
-1.248325239205132497e+00,6.730484128461835525e-01
-1.053859823562093290e+00,2.490187988542380826e-01
-1.118776288795350737e+00,4.424995310111726754e-01
-1.014996704077162804e+00,3.252191620996091048e-01
-7.865421986651389696e-01,6.246960851641801815e-01
-1.149629048893119565e+00,5.215520549163333852e-01
-3.673295482841826831e-01,1.087087296163906647e+00
-7.194227406932415247e-01,9.444473050061239494e-01
-4.265735495581496339e-01,5.224118600290104109e-01
-4.870805394807795619e-01,8.319082860087503306e-01
-5.221050672711369245e-01,8.872446034441453522e-01
-7.058072526541645519e-01,1.067754454861851166e+00
-6.632300708382194987e-01,1.055794755619436032e+00
4.052885700446340334e-02,1.468246842464486335e+00
-1.607270204427457827e-01,1.731473862696429222e+00
-2.177990919139800863e-02,1.426302858642680027e+00
7.246381597454080170e-01,1.883266343150908906e+00
5.802858700183477492e-01,2.019757507031970878e+00
7.429335778806089863e-01,1.716284192117106144e+00
6.796930044929045955e-01,1.840899755606135946e+00
1.083180466665560449e+00,1.755197613657287770e+00
1.106876238576525173e+00,1.649292252985047114e+00
9.756088810500749275e-01,1.337048300745704132e+00
1.600548799579883719e+00,7.012235105438577865e-01
1.431097760004038433e+00,3.174183617343547814e-01
1.231984362257236842e+00,6.339229679199699652e-02
1.483698743805738296e+00,4.405368296813032547e-01
1.572588755330264432e+00,-4.146267011861010654e-01
1.178783913662399652e+00,-2.651557520939235024e-02
1.359041694868686312e+00,-4.868498671877967143e-01
1.130987507471840514e+00,-5.708141081310549314e-01
1.638584511932835941e+00,-3.840190247821089753e-01
1.245145894279993337e+00,-4.798344160624861132e-01
1.084990933254097900e+00,-7.462505580435925268e-01
1.222842664428192228e+00,-2.171439349785303508e-01
1.041484403049165230e+00,-4.374892520688471453e-01
1.287160143967114090e+00,-3.781576917816847905e-01
8.425841214877440866e-01,-6.449585547665466212e-01
9.715402649211083430e-01,-2.832652943908523513e-01
1.126061345180955353e+00,-6.899729533924819913e-01
4.306119578279785087e-01,-7.332672138927358585e-01
5.633244081240421641e-01,-5.977177057864881959e-01
4.753288327468067065e-01,-9.867399167928937453e-01
5.767739943648344525e-01,-9.526369191856206564e-01
2.881903911301182397e-01,-7.272079641783484316e-01
1.429073059323043571e-01,-1.755664748490465499e+00
-1.091477097426686305e-01,-1.227030260512338211e+00
8.627019407826408415e-02,-1.743062773540700716e+00
-4.190937901768391760e-01,-1.561883186042027027e+00
7.774015116143254134e-02,-1.619642621289745232e+00
-5.536860783986413681e-01,-1.731331376913415765e+00
-7.389119566454291910e-01,-2.325180720968928139e+00
-6.968446004258354032e-01,-1.768970666157426708e+00
-7.461907810894935489e-01,-1.501321924486384463e+00
-1.090126608856647916e+00,-1.228003221700176617e+00
-1.373163465074771050e+00,-1.340313429360494357e+00
-1.655857030179414435e+00,-8.737365919147671578e-01
-1.233443374282602534e+00,-2.781059115733771625e-01
-1.557701185155035084e+00,-1.294827091317401480e-01
-1.274909480629045966e+00,1.341193964655823523e-01
-1.320800497177566646e+00,-1.023157406034595762e-01
-1.403756182297205557e+00,-2.301663248499452585e-02
-1.603522254972163941e+00,5.535821372797775641e-01
-1.197666591406831182e+00,3.202071626065381982e-01
-1.481338596380373351e+00,2.523596252982456822e-01
-1.266438325008154342e+00,5.781540020140347735e-01
-1.092500512061352014e+00,4.309545443999396874e-01
-1.004706589946321671e+00,3.330412811478133395e-01
-7.584456624274533709e-01,6.124408735830959571e-01
-1.536229673532043760e+00,4.130354659332217127e-01
-1.085785059128897112e+00,9.104129775883609277e-01
-9.670502272949339506e-01,6.055928884021849479e-01
-6.993155204191444652e-01,8.840897891947038234e-01
-1.239429899910062804e+00,8.201739851220055666e-01
-1.016533013153136711e+00,7.376178320675169653e-01
-7.424146662267477881e-01,1.006293026868380514e+00
1.766794564281748414e-03,5.869269479347704044e-01
-3.950382941479222421e-01,1.248640473898252390e+00
-4.258930420020449192e-01,9.746760568685223225e-01
7.981505482918105354e-02,1.154552550348073137e+00
-2.215515410573974941e-01,1.380099836496489818e+00
-9.864259043826809070e-02,1.640933665690177623e+00
